molecule_chembl_id,canonical_smiles,standard_value,class
CHEMBL1336,CNC(=O)c1cc(Oc2ccc(NC(=O)Nc3ccc(Cl)c(C(F)(F)F)c3)cc2)ccn1,2600.0,intermediate
CHEMBL2332840,O=C(Nc1ccc(Oc2ncnc3[nH]ncc23)cc1)Nc1ccc(Cl)c(C(F)(F)F)c1,2250.0,intermediate
CHEMBL2332871,O=C(Nc1ccc(Oc2ncnc3[nH]ncc23)cc1)Nc1ccc(C(F)(F)F)cc1Cl,8460.0,intermediate
CHEMBL2332870,O=C(Nc1ccc(Oc2ncnc3[nH]ncc23)cc1)Nc1cc(C(F)(F)F)cc(C(F)(F)F)c1,5180.0,intermediate
CHEMBL2332869,O=C(Nc1ccc(Oc2ncnc3[nH]ncc23)cc1)Nc1cccc(OC(F)(F)F)c1,17760.0,inactive
CHEMBL2332868,O=C(Nc1ccc(Oc2ncnc3[nH]ncc23)cc1)Nc1cccc(F)c1,16600.0,inactive
CHEMBL2332867,CC(C)c1cccc(NC(=O)Nc2ccc(Oc3ncnc4[nH]ncc34)cc2)c1,7730.0,intermediate
CHEMBL2331570,O=C(Nc1ccc(Oc2ncnc3[nH]ncc23)cc1)Nc1cccc(C(F)(F)F)c1,1050.0,intermediate
CHEMBL2332866,O=C(Nc1ccc(Oc2ncnc3[nH]ncc23)cc1)Nc1ccc(N2CCOCC2)cc1,100000.0,inactive
CHEMBL2332865,O=C(Nc1ccc(F)cc1)Nc1ccc(Oc2ncnc3[nH]ncc23)cc1,89400.0,inactive
CHEMBL2332864,O=C(NCC1CCCCC1)Nc1ccc(Oc2ncnc3[nH]ncc23)cc1,100000.0,inactive
CHEMBL2332863,O=C(Nc1ccc(Oc2ncnc3[nH]ncc23)cc1)NC1CCCCC1,100000.0,inactive
CHEMBL2332862,CC(NC(=O)Nc1ccc(Oc2ncnc3[nH]ncc23)cc1)c1ccccc1,98200.0,inactive
CHEMBL2332861,O=C(Nc1ccc(Oc2ncnc3[nH]ncc23)cc1)Nc1cccnc1,100000.0,inactive
CHEMBL2332860,O=C(Nc1ccccc1)Nc1ccc(Oc2ncnc3[nH]ncc23)cc1,20230.0,inactive
CHEMBL2332859,O=C(Cc1ccc(Br)cc1)Nc1ccc(Oc2ncnc3[nH]ncc23)cc1,74700.0,inactive
CHEMBL2332858,O=C(Nc1ccc(Oc2ncnc3[nH]ncc23)cc1)c1ccc(Br)cc1,74700.0,inactive
CHEMBL2332857,O=C(Nc1cccc(Oc2ncnc3[nH]ncc23)c1)c1ccc(Br)cc1,100000.0,inactive
CHEMBL2332856,O=C(Nc1cccc(Oc2ncnc3[nH]ncc23)c1)c1ccc(C(F)(F)F)cc1,100000.0,inactive
CHEMBL2332855,O=C(Cc1ccc(Br)cc1)Nc1cccc(Oc2ncnc3[nH]ncc23)c1,100000.0,inactive
CHEMBL2332854,O=C(Cc1ccc(C(F)(F)F)cc1)Nc1cccc(Oc2ncnc3[nH]ncc23)c1,100000.0,inactive
CHEMBL2332853,O=C(Nc1ccc(Br)cc1)Nc1cccc(Oc2ncnc3[nH]ncc23)c1,100000.0,inactive
CHEMBL2332852,O=C(Nc1ccc(C(F)(F)F)cc1)Nc1cccc(Oc2ncnc3[nH]ncc23)c1,100000.0,inactive
CHEMBL2332851,Cn1ncc2c(Oc3ccc(NC(=O)Nc4ccc(C(F)(F)F)cc4)cc3)ncnc21,100000.0,inactive
CHEMBL2332850,COc1cccc(NC(=O)Nc2ccc(Oc3ncnc4c3cnn4C)cc2)c1,100000.0,inactive
CHEMBL2332849,O=C(Nc1ccc(Oc2ncnc3[nH]ncc23)cc1)Nc1ccc(C(F)(F)F)cc1,1200.0,intermediate
CHEMBL2332848,Cc1cccc(NC(=O)Nc2ccc(Oc3ncnc4[nH]ncc34)cc2)c1C,98800.0,inactive
CHEMBL2332847,O=C(Nc1ccc(Br)cc1)Nc1ccc(Oc2ncnc3[nH]ncc23)cc1,74700.0,inactive
CHEMBL2332846,COc1cccc(NC(=O)Nc2ccc(Oc3ncnc4[nH]ncc34)cc2)c1,82000.0,inactive
CHEMBL2332845,CC(NC(=O)Nc1ccc(Nc2ncnc3[nH]ncc23)cc1)c1ccccc1,100000.0,inactive
CHEMBL2332844,O=C(Nc1ccc(Nc2ncnc3[nH]ncc23)cc1)Nc1ccc(C(F)(F)F)cc1,100000.0,inactive
CHEMBL2332843,Cc1cccc(NC(=O)Nc2ccc(Nc3ncnc4[nH]ncc34)cc2)c1C,100000.0,inactive
CHEMBL2332842,O=C(Nc1ccc(Br)cc1)Nc1ccc(Nc2ncnc3[nH]ncc23)cc1,100000.0,inactive
CHEMBL2332841,COc1cccc(NC(=O)Nc2ccc(Nc3ncnc4[nH]ncc34)cc2)c1,100000.0,inactive
CHEMBL92516,c1cc(-c2cnc3c(-c4ccsc4)cnn3c2)ccn1,127.0,active
CHEMBL329350,COc1ccc(-c2cnc3c(-c4ccncc4)cnn3c2)cc1,150.0,active
CHEMBL92279,c1cc(-c2cnc3c(-c4ccncc4)cnn3c2)ccn1,622.0,active
CHEMBL92461,COc1ccc(-c2cnc3c(-c4ccsc4)cnn3c2)cc1,387.0,active
CHEMBL2448064,COc1cc2c(Nc3ccc(Cl)cc3F)ncnc2cc1OCC1CCNCC1.Cl,60.0,active
CHEMBL25579,COc1cc2c(Nc3ccc(Cl)cc3F)ncnc2cc1OCCN(C)c1ccncc1,200.0,active
CHEMBL24026,COc1cc2c(Nc3ccc(C#N)cc3F)ncnc2cc1OC/C=C/CN1CCCC1,500.0,active
CHEMBL428534,COc1cc2c(Nc3ccc(C)cc3F)ncnc2cc1OCC1CCNCC1,250.0,active
CHEMBL281872,COc1cc2c(Nc3ccc(Br)cc3F)ncnc2cc1OCCn1ccnn1,50.0,active
CHEMBL281990,COc1cc2c(Nc3ccc(C)cc3F)ncnc2cc1OCC1CCN(C)CC1,65.0,active
CHEMBL422758,COc1cc2c(Nc3c(F)cc(Cl)cc3F)ncnc2cc1OCC1CCN(C)CC1,60.0,active
CHEMBL25450,COc1cc2c(Nc3c(F)cc(Cl)cc3F)ncnc2cc1OCC1CCNCC1,100.0,active
CHEMBL1907763,COc1cc2c(Nc3ccc(Cl)cc3F)ncnc2cc1OC[C@@H]1CCCN(C)C1,80.0,active
CHEMBL24137,COc1cc2c(Nc3ccc(Cl)cc3F)ncnc2cc1OCCCN1CCOCC1,50.0,active
CHEMBL24828,COc1cc2/c(=N/c3ccc(Br)cc3F)nc[nH]c2cc1OCC1CCN(C)CC1,25.0,active
CHEMBL1744349,COc1cc2c(Nc3ccc(Cl)cc3F)ncnc2cc1OC/C=C/CN1CCCC1.Cl,40.0,active
CHEMBL24979,COc1cc2c(Nc3ccc(Br)cc3F)ncnc2cc1OCCC1CCN(C)CC1,60.0,active
CHEMBL2448065,COc1cc2c(Nc3ccc(Cl)cc3F)ncnc2cc1OCC1CCN(C)CC1.Cl,50.0,active
CHEMBL1907764,COc1cc2c(Nc3ccc(Br)cc3F)ncnc2cc1OC[C@@H]1CCCN(C)C1,60.0,active
CHEMBL283088,COc1cc2c(Nc3ccc(Cl)cc3F)ncnc2cc1OCCN1CCN(C)CC1,100.0,active
CHEMBL2448067,COc1cc2c(Nc3ccc(Cl)cc3F)ncnc2cc1OCCCN1CCCC1.Cl,8.0,active
CHEMBL1202477,COc1cc2c(Nc3ccc(Br)cc3F)ncnc2cc1OCCCN1CCN(C)CC1.Cl,30.0,active
CHEMBL416191,COc1cc2c(Nc3c(F)cc(Br)cc3F)ncnc2cc1OCC1CCN(C)CC1,100.0,active
CHEMBL533849,COc1cc2c(Nc3ccc(Br)cc3F)ncnc2cc1OCC1CCN(C)CC1.Cl,60.0,active
CHEMBL1907944,COc1cc2c(Nc3ccc(Br)cc3F)ncnc2cc1OC[C@H]1CCCN(C)C1,40.0,active
CHEMBL1744347,COc1cc2c(Nc3ccc(Cl)cc3F)ncnc2cc1OCCCN1CCN(C)CC1.Cl,50.0,active
CHEMBL25610,COc1cc2c(Nc3ccc(Cl)cc3F)ncnc2cc1OCCN1CCOCC1,300.0,active
CHEMBL26641,COc1cc2c(Nc3ccc(Br)cc3F)ncnc2cc1OCCC1CCNCC1,40.0,active
CHEMBL279459,COc1cc2c(Nc3c(F)cc(Br)cc3F)ncnc2cc1OCC1CCNCC1,70.0,active
CHEMBL1202473,COc1cc2c(Nc3cc(O)c(C)cc3F)ncnc2cc1OCC1CCN(C)CC1.Cl,30.0,active
CHEMBL25425,COc1cc2c(Nc3ccc(Cl)cc3F)ncnc2cc1OCCC1CCN(C)CC1,70.0,active
CHEMBL286160,COCCOc1cc2ncnc(Nc3ccc(Cl)cc3F)c2cc1OC,40.0,active
CHEMBL2448066,COc1cc2c(Nc3cc(O)c(Cl)cc3F)ncnc2cc1OCC1CCN(C)CC1.Cl,3.0,active
CHEMBL1202478,COc1cc2c(Nc3ccc(Br)cc3F)ncnc2cc1OC/C=C/CN1CCCC1.Cl,30.0,active
CHEMBL46694,CC(=O)N1CCN(Cc2cc(C)cc(Nc3nccc(-n4ccnc4-c4ccccc4)n3)c2)CC1,396.0,active
CHEMBL45752,Cc1cc(C)cc(Nc2nccc(-n3ccnc3-c3ccccc3)n2)c1,19.0,active
CHEMBL297769,Cc1cc(CO)cc(Nc2nccc(-n3ccnc3-c3ccccc3)n2)c1,23.0,active
CHEMBL47832,Cc1cccc(Nc2nccc(-n3ccnc3-c3ccccc3)n2)c1,151.0,active
CHEMBL44915,Cc1cc(Nc2nccc(-n3ccnc3-c3ccccc3)n2)cc(C(F)(F)F)c1,26.0,active
CHEMBL297675,COc1cccc(Nc2nccc(-n3ccnc3-c3ccccc3)n2)c1,88.0,active
CHEMBL47852,COc1cc(Nc2nccc(-n3ccnc3-c3ccccc3)n2)cc(OC)c1,22.0,active
CHEMBL44608,FC(F)(F)c1cccc(Nc2nccc(-n3ccnc3-c3ccccc3)n2)c1,303.0,active
CHEMBL324335,c1cc(-c2cnn3cc(-c4ccc(OCCN5CCOCC5)cc4)cnc23)cs1,22.0,active
CHEMBL331465,c1ccc(-c2cnn3cc(-c4ccc(OCCN5CCOCC5)cc4)cnc23)cc1,32.0,active
CHEMBL445062,CN(C)CCCOc1ccc(-c2cnc3c(-c4ccsc4)cnn3c2)cc1,23.0,active
CHEMBL117166,c1cncc(-c2cnn3cc(-c4ccc(OCCN5CCCCC5)cc4)cnc23)c1,29.0,active
CHEMBL116324,CN1CCN(CCCn2ccc(-c3cnc4c(-c5ccccc5)cnn4c3)cc2=O)CC1,80.0,active
CHEMBL333021,c1cc(-c2cnn3cc(-c4ccc(OCCN5CCCCC5)cc4)cnc23)cs1,18.0,active
CHEMBL115480,O=c1cc(-c2cnc3c(-c4ccccc4)cnn3c2)ccn1CCCN1CCCCC1,70.0,active
CHEMBL324153,c1cc(-c2cnn3cc(-c4ccc(OCCN5CCOCC5)cc4)cnc23)ccn1,31.0,active
CHEMBL118400,CN1CCN(CCCn2ccc(-c3cnc4c(-c5ccsc5)cnn4c3)cc2=O)CC1,20.0,active
CHEMBL347086,COCCOc1cc2ncnc(Nc3cc(O)c(Cl)cc3F)c2cc1OC,4.0,active
CHEMBL150187,COc1cc2c(Nc3c(F)cc(Br)cc3F)ncnc2cc1OCCn1ccnn1,20.0,active
CHEMBL357815,COc1cc2c(Nc3ccc(Cl)cc3F)ncnc2cc1OCCn1ccnn1,40.0,active
CHEMBL358672,COc1cc2c(Nc3ccc(C#N)cc3F)ncnc2cc1OCCn1ccnn1,600.0,active
CHEMBL281957,CCN(CC)C/C=C/c1nc(O)c2c(ccc3nc(Nc4c(Cl)cccc4Cl)n(C)c32)c1C,100000.0,inactive
CHEMBL327720,CC(CN(C)C)Cn1cc(-c2cncc(-c3ccsc3)c2)c2ccccc21,256.0,active
CHEMBL101221,CC(=O)Nc1oc(-c2cc3ccccc3cc2O)nc1-c1ccccc1,320.0,active
CHEMBL103595,c1ccc2c(c1)c(-c1cncc(-c3ccsc3)c1)cn2CCN1CCOCC1,1410.0,intermediate
CHEMBL316671,c1ccc2c(c1)c(-c1cncc(-c3ccsc3)c1)cn2CCCN1CCCCC1,495.0,active
CHEMBL327721,CN1CCN(CCCn2cc(-c3cncc(-c4ccsc4)c3)c3ccccc32)CC1,328.0,active
CHEMBL177688,OCCCNc1cncc(-c2cncc(Nc3cccc(Cl)c3)n2)c1,5.0,active
CHEMBL1794060,COc1ccc(Nc2ncc(-c3ccccc3)o2)cc1OC.Cl,1130.0,intermediate
CHEMBL176553,COc1cc(Nc2ncc(-c3ccccc3)o2)cc(OC)c1,1690.0,intermediate
CHEMBL443563,COc1cc(Nc2ncc(-c3ccccc3)o2)cc(OC)c1OC,420.0,active
CHEMBL275473,CCN(CC)S(=O)(=O)c1ccc(OC)c(Nc2ncc(-c3ccccc3)o2)c1,1310.0,intermediate
CHEMBL369751,CCS(=O)(=O)c1ccc(OC)c(Nc2ncc(-c3ccccc3)o2)c1,290.0,active
CHEMBL179453,CCS(=O)(=O)c1ccc(OC)c(Nc2ncc(-c3ccccc3Cl)o2)c1,7600.0,intermediate
CHEMBL178507,CCS(=O)(=O)c1ccc(OC)c(Nc2ncc(-c3cccc(Cl)c3)o2)c1,650.0,active
CHEMBL361642,CCS(=O)(=O)c1ccc(OC)c(Nc2ncc(-c3cccc(C#N)c3)o2)c1,1620.0,intermediate
CHEMBL179311,CCS(=O)(=O)c1ccc(OC)c(Nc2ncc(-c3cccc(OC)c3)o2)c1,1650.0,intermediate
CHEMBL179465,CCS(=O)(=O)c1ccc(OC)c(Nc2ncc(-c3cccc(F)c3)o2)c1,350.0,active
CHEMBL178306,O=C(Nc1cccc(C(F)(F)F)c1)Nc1ncnc2nn3ccccc3c12,251.0,active
CHEMBL181029,O=C(Nc1cccc([N+](=O)[O-])c1)Nc1ncnc2nn3ccccc3c12,10000.0,inactive
CHEMBL178488,O=C(Nc1ccc(Br)cc1)Nc1ncnc2nn3ccccc3c12,3980.0,intermediate
CHEMBL178953,N#Cc1cccc(NC(=O)Nc2ncnc3nn4ccccc4c23)c1,200.0,active
CHEMBL179224,O=C(Nc1ccc(C(F)(F)F)cc1)Nc1ncnc2nn3ccccc3c12,3980.0,intermediate
CHEMBL359830,O=C(Nc1ccc(F)cc1)Nc1ncnc2nn3ccccc3c12,631.0,active
CHEMBL185637,Fc1ccc(Nc2ncnn3cccc23)cc1Cl,2500000.0,inactive
CHEMBL188304,Cc1ccn2ncnc(Nc3ccc(F)c(Cl)c3)c12,2500000.0,inactive
CHEMBL186080,Cc1cc2c(Nc3ccc(F)c(Cl)c3)ncnn2c1,2500000.0,inactive
CHEMBL184311,Cc1ccc2c(Nc3ccc(F)c(Cl)c3)ncnn12,2500000.0,inactive
CHEMBL185853,Cc1ccc(Nc2ncnn3cccc23)cc1O,360000.0,inactive
CHEMBL188522,Cc1ccc(Nc2ncnn3ccc(C)c23)cc1O,98000.0,inactive
CHEMBL184750,Cc1cc2c(Nc3ccc(C)c(O)c3)ncnn2c1,213000.0,inactive
CHEMBL187431,Cc1ccc(Nc2ncnn3c(C)ccc23)cc1O,477000.0,inactive
CHEMBL186001,Cc1ccc(Nc2ncnn3cc(C)c(C)c23)cc1O,310000.0,inactive
CHEMBL189338,Cc1cccc(Cl)c1Nc1nc2ccc(N3CCN[C@@H](C)C3)nc2n2cncc12,1000.0,active
CHEMBL189072,Cc1cc(Br)ccc1C(=O)NS(=O)(=O)c1ccc(Cl)cc1,610.0,active
CHEMBL187388,O=C(NS(=O)(=O)c1ccc(Cl)cc1)c1ccc([N+](=O)[O-])cc1Cl,620.0,active
CHEMBL186218,CCc1cc(Cl)ccc1C(=O)NS(=O)(=O)c1ccc(Cl)cc1,630.0,active
CHEMBL189671,CCCc1cc(Cl)ccc1C(=O)NS(=O)(=O)c1ccc(Cl)cc1,1300.0,intermediate
CHEMBL188611,Cc1ccc(C(=O)NS(=O)(=O)c2ccc(Cl)cc2)c(C)c1,2700.0,intermediate
CHEMBL363071,COc1cc(Cl)ccc1C(=O)NS(=O)(=O)c1ccc(Cl)cc1,2000.0,intermediate
CHEMBL189040,Nc1cc(Cl)ccc1C(=O)NS(=O)(=O)c1ccc(Cl)cc1,3200.0,intermediate
CHEMBL188382,O=C(NS(=O)(=O)c1ccc(Cl)cc1)c1ccc(C(F)(F)F)cc1C(F)(F)F,1400.0,intermediate
CHEMBL186209,O=C(NS(=O)(=O)c1ccc(Cl)cc1)c1ccc(Cl)cc1[N+](=O)[O-],5900.0,intermediate
CHEMBL186707,O=C(NS(=O)(=O)c1ccc(Cl)cc1)c1ccc(C(F)(F)F)cc1[N+](=O)[O-],11000.0,inactive
CHEMBL188572,O=C(NS(=O)(=O)c1ccc(Cl)cc1)c1ccc([N+](=O)[O-])cc1[N+](=O)[O-],13000.0,inactive
CHEMBL189026,N#Cc1ccc(C(=O)NS(=O)(=O)c2ccc(Cl)cc2)c(Cl)c1,10000.0,inactive
CHEMBL188197,CS(=O)(=O)c1ccc(C(=O)NS(=O)(=O)c2ccc(Cl)cc2)c(Cl)c1,20000.0,inactive
CHEMBL188198,COc1ccc(C(=O)NS(=O)(=O)c2ccc(Cl)cc2)c(Cl)c1,9900.0,intermediate
CHEMBL187200,O=C(NS(=O)(=O)c1ccc(Cl)cc1)c1ccc(O)cc1Cl,15000.0,inactive
CHEMBL1161726,Nc1ccc(C(=O)NS(=O)(=O)c2ccc(Cl)cc2)c(Cl)c1.O=C(O)C(F)(F)F,15000.0,inactive
CHEMBL364356,COc1ccc(C(=O)NS(=O)(=O)c2ccc(Cl)cc2)c(OC)c1,20000.0,inactive
CHEMBL185804,Cc1ccc(S(=O)(=O)NC(=O)c2ccc(Cl)cc2Cl)cc1,210.0,active
CHEMBL188975,O=C(NS(=O)(=O)c1ccc(Br)cc1)c1ccc(Cl)cc1Cl,240.0,active
CHEMBL187192,O=C(NS(=O)(=O)c1cccc(Br)c1)c1ccc(Cl)cc1Cl,250.0,active
CHEMBL188715,COc1ccc(S(=O)(=O)NC(=O)c2ccc(Cl)cc2Cl)cc1,350.0,active
CHEMBL189138,CC(C)(C)c1ccc(S(=O)(=O)NC(=O)c2ccc(Cl)cc2Cl)cc1,350.0,active
CHEMBL188687,Cc1ccc(S(=O)(=O)NC(=O)c2ccc(Cl)cc2Cl)cc1Cl,360.0,active
CHEMBL363735,O=C(NS(=O)(=O)c1ccc(F)c(Cl)c1)c1ccc(Cl)cc1Cl,410.0,active
CHEMBL185679,O=C(NS(=O)(=O)c1ccc(F)cc1)c1ccc(Cl)cc1Cl,410.0,active
CHEMBL187967,O=C(NS(=O)(=O)c1cccc(Cl)c1)c1ccc(Cl)cc1Cl,440.0,active
CHEMBL180882,O=C(NS(=O)(=O)c1ccc(Cl)c(Cl)c1)c1ccc(Cl)cc1Cl,460.0,active
CHEMBL364656,CSc1ccc(S(=O)(=O)NC(=O)c2ccc(Cl)cc2Cl)cc1,530.0,active
CHEMBL186038,CC(=O)c1ccc(S(=O)(=O)NC(=O)c2ccc(Cl)cc2Cl)cc1,560.0,active
CHEMBL186516,Cc1cccc(S(=O)(=O)NC(=O)c2ccc(Cl)cc2Cl)c1,750.0,active
CHEMBL365284,O=C(NS(=O)(=O)c1ccc(Br)c(Br)c1)c1ccc(Cl)cc1Cl,910.0,active
CHEMBL365095,O=C(NS(=O)(=O)c1cccc([N+](=O)[O-])c1)c1ccc(Cl)cc1Cl,910.0,active
CHEMBL426981,COc1cccc(S(=O)(=O)NC(=O)c2ccc(Cl)cc2Cl)c1,910.0,active
CHEMBL187977,CN(C)c1ccc(S(=O)(=O)NC(=O)c2ccc(Cl)cc2Cl)cc1,930.0,active
CHEMBL360177,O=C(NS(=O)(=O)c1cccc(-c2ccccc2)c1)c1ccc(Cl)cc1Cl,970.0,active
CHEMBL186419,COC(=O)c1ccc(S(=O)(=O)NC(=O)c2ccc(Cl)cc2Cl)cc1,1200.0,intermediate
CHEMBL186420,O=C(NS(=O)(=O)c1ccc([N+](=O)[O-])cc1)c1ccc(Cl)cc1Cl,1300.0,intermediate
CHEMBL364873,O=C(NS(=O)(=O)c1ccc(-c2ccccc2)cc1)c1ccc(Cl)cc1Cl,1400.0,intermediate
CHEMBL188610,COc1ccc(S(=O)(=O)NC(=O)c2ccc(Cl)cc2Cl)cc1OC,3900.0,intermediate
CHEMBL188533,O=C(NS(=O)(=O)c1ccccc1Cl)c1ccc(Cl)cc1Cl,14000.0,inactive
CHEMBL363300,O=C(NS(=O)(=O)c1cc([N+](=O)[O-])ccc1Cl)c1ccc(Cl)cc1Cl,20000.0,inactive
CHEMBL187565,Cc1ccc([N+](=O)[O-])cc1S(=O)(=O)NC(=O)c1ccc(Cl)cc1Cl,16000.0,inactive
CHEMBL433578,Cc1ccc(S(=O)(=O)NC(=O)c2ccc(Cl)cc2Cl)c(Br)c1,20000.0,inactive
CHEMBL186217,O=C(NS(=O)(=O)c1cc(Cl)cc(Cl)c1)c1ccc(Cl)cc1Cl,1400.0,intermediate
CHEMBL181855,O=C(NS(=O)(=O)c1ccccc1)c1ccc(Cl)cc1Cl,530.0,active
CHEMBL179928,O=C(NS(=O)(=O)c1ccc(Cl)cc1)c1ccc(Cl)cc1Cl,170.0,active
CHEMBL189770,O=C(NS(=O)(=O)c1ccc(Cl)cc1)c1ccccc1,22000.0,inactive
CHEMBL189826,O=C(NS(=O)(=O)c1ccc(Cl)cc1)c1ccccc1Cl,14000.0,inactive
CHEMBL359783,O=C(NS(=O)(=O)c1ccc(Cl)cc1)c1cccc(Cl)c1,14000.0,inactive
CHEMBL365275,O=C(NS(=O)(=O)c1ccc(Cl)cc1)c1ccc(Cl)cc1,6300.0,intermediate
CHEMBL187769,Cc1ccccc1C(=O)NS(=O)(=O)c1ccc(Cl)cc1,15000.0,inactive
CHEMBL186746,O=C(NS(=O)(=O)c1ccc(Cl)cc1)c1cccc(Br)c1,15000.0,inactive
CHEMBL436085,O=C(NS(=O)(=O)c1ccc(Cl)cc1)c1ccc([N+](=O)[O-])cc1,11000.0,inactive
CHEMBL189757,CN(C)c1ccc(C(=O)NS(=O)(=O)c2ccc(Cl)cc2)cc1,16000.0,inactive
CHEMBL188430,O=C(NS(=O)(=O)c1ccc(Cl)cc1)c1ccc(Cl)c(Cl)c1,5900.0,intermediate
CHEMBL188645,O=C(NS(=O)(=O)c1ccc(Cl)cc1)c1cc(Cl)ccc1Cl,13000.0,inactive
CHEMBL363763,O=C(NS(=O)(=O)c1ccc(Cl)cc1)c1cc(Cl)cc(Cl)c1,18000.0,inactive
CHEMBL189605,O=C(NS(=O)(=O)c1ccc(Cl)cc1)c1ccc(Br)cc1Cl,200.0,active
CHEMBL362085,O=C(NS(=O)(=O)c1ccc(Cl)cc1)c1ccc(Cl)cc1Br,240.0,active
CHEMBL187453,O=C(NS(=O)(=O)c1ccc(Cl)cc1)c1ccc(Br)cc1Br,250.0,active
CHEMBL187505,O=C(NS(=O)(=O)c1ccc(Cl)cc1)c1ccc(Br)cc1F,4600.0,intermediate
CHEMBL189864,Cc1cc(Cl)ccc1C(=O)NS(=O)(=O)c1ccc(Cl)cc1,300.0,active
CHEMBL278472,COc1cc(OC)cc(-c2cc3cnc(NCCCO)cc3nc2NC(=O)NC(C)(C)C)c1,47.0,active
CHEMBL425363,COc1cc(OC)cc(-c2cc3cnc(NCCCCO)cc3nc2NC(=O)NC(C)(C)C)c1,41.0,active
CHEMBL365727,COc1cc(OC)cc(-c2cc3cnc(NCCCCCO)cc3nc2NC(=O)NC(C)(C)C)c1,47.0,active
CHEMBL189851,CCNC(=O)Nc1nc2nc(NCCCN3CCN(C)CC3)ncc2cc1-c1cc(OC)cc(OC)c1,930.0,active
CHEMBL189059,COc1cc(OC)cc(-c2cc3cnc(NCCCN4CCN(C)CC4)nc3nc2NC(=O)NC(C)(C)C)c1,220.0,active
CHEMBL190783,CCNC(=O)Nc1nc2nc(NCCCCN(CC)CC)ncc2cc1-c1cc(OC)cc(OC)c1,1800.0,intermediate
CHEMBL189584,CCN(CC)CCCCNc1ncc2cc(-c3cc(OC)cc(OC)c3)c(NC(=O)NC(C)(C)C)nc2n1,190.0,active
CHEMBL365140,COc1cc(OC)cc(-c2cc3cnc(NCCCO)nc3nc2NC(=O)NC(C)(C)C)c1,3000.0,intermediate
CHEMBL339856,COc1cc(OC)cc(-c2cc3cnc(NCCCN4CCOCC4)cc3nc2NC(=O)NC(C)(C)C)c1,37.0,active
CHEMBL188087,CCNC(=O)Nc1nc2cc(NCCCN3CCN(C)CC3)ncc2cc1-c1cc(OC)cc(OC)c1,880.0,active
CHEMBL189995,COc1cc(OC)cc(-c2cc3cnc(NCCCN4CCN(C)CC4)cc3nc2NC(=O)NC(C)(C)C)c1,73.0,active
CHEMBL363551,CCN(CC)CCCNc1cc2nc(NC(=O)NC(C)(C)C)c(-c3cc(OC)cc(OC)c3)cc2cn1,280.0,active
CHEMBL187396,COc1cc(OC)cc(-c2cc3cnc(NCCCCN4CCOCC4)cc3nc2NC(=O)NC(C)(C)C)c1,82.0,active
CHEMBL190161,COc1cc(OC)cc(-c2cc3cnc(NCCCCN4CCN(C)CC4)cc3nc2NC(=O)NC(C)(C)C)c1,66.0,active
CHEMBL190389,CCNC(=O)Nc1nc2cc(NCCCCN(CC)CC)ncc2cc1-c1cc(OC)cc(OC)c1,530.0,active
CHEMBL191023,CCN(CC)CCCCNc1cc2nc(NC(=O)NC(C)(C)C)c(-c3cc(OC)cc(OC)c3)cc2cn1,43.0,active
CHEMBL191070,COc1cc(OC)cc(-c2cc3cnc(NCCCCCN4CCOCC4)cc3nc2NC(=O)NC(C)(C)C)c1,91.0,active
CHEMBL192856,CCN(CC)CCCCCNc1cc2nc(NC(=O)NC(C)(C)C)c(-c3cc(OC)cc(OC)c3)cc2cn1,190.0,active
CHEMBL366019,CCOC(=O)Nc1cn2ncnc(Nc3cc(C(=O)NOC)c(F)cc3F)c2c1C(C)C,31.0,active
CHEMBL192318,CONC(=O)c1cc(Nc2ncnn3cc(NC(=O)OCCCN4CCCCC4)c(C(C)C)c23)c(F)cc1F,62.0,active
CHEMBL195218,CONC(=O)c1cc(Nc2ncnn3cc(NC(=O)OCCCS(C)(=O)=O)c(C(C)C)c23)c(F)cc1F,100.0,active
CHEMBL370266,CONC(=O)c1cc(Nc2ncnn3cc(NC(=O)OCC4CCCO4)c(C(C)C)c23)c(F)cc1F,46.0,active
CHEMBL191594,CONC(=O)c1cc(Nc2ncnn3cc(NC(=O)OC4CCN(C)CC4)c(C(C)C)c23)c(F)cc1F,19.0,active
CHEMBL193306,CONC(=O)c1cc(Nc2ncnn3cc(-c4ncc(C)o4)c(C(C)C)c23)c(F)cc1F,1.1,active
CHEMBL370515,CONC(=O)c1cc(Nc2ncnn3cc(-c4nc(C)no4)c(C(C)C)c23)c(F)cc1F,6.8,active
CHEMBL365318,CONC(=O)c1cc(Nc2ncnn3cc(-c4nnc(C)o4)c(C(C)C)c23)c(F)cc1F,7.6,active
CHEMBL195771,CONC(=O)c1cc(Nc2ncnn3cc(-c4nnco4)c(C(C)C)c23)c(F)cc1F,91.0,active
CHEMBL371373,CCc1nnc(-c2cn3ncnc(Nc4cc(C(=O)NOC)c(F)cc4F)c3c2C(C)C)o1,1.8,active
CHEMBL373365,CONC(=O)c1cc(Nc2ncnn3cc(-c4nnc(C(C)C)o4)c(C(C)C)c23)c(F)cc1F,18.0,active
CHEMBL192101,CONC(=O)c1cc(Nc2ncnn3cc(-c4nnc(CC(C)C)o4)c(C(C)C)c23)c(F)cc1F,2.1,active
CHEMBL190980,CONC(=O)c1cc(Nc2ncnn3cc(-c4nnc(C5CC5)o4)c(C(C)C)c23)c(F)cc1F,3.6,active
CHEMBL191913,CONC(=O)c1cc(Nc2ncnn3cc(-c4nnc(CC5CC5)o4)c(C(C)C)c23)c(F)cc1F,4.0,active
CHEMBL194498,CONC(=O)c1cc(Nc2ncnn3cc(-c4nnc(C(F)F)o4)c(C(C)C)c23)c(F)cc1F,17.0,active
CHEMBL370023,CONC(=O)c1cc(Nc2ncnn3cc(-c4nnc(C(F)(F)F)o4)c(C(C)C)c23)c(F)cc1F,35.0,active
CHEMBL194872,CONC(=O)c1cc(Nc2ncnn3cc(-c4nnc(CC(F)(F)F)o4)c(C(C)C)c23)c(F)cc1F,25.0,active
CHEMBL195847,CONC(=O)c1cc(Nc2ncnn3cc(-c4nnc(N(C)C)o4)c(C(C)C)c23)c(F)cc1F,6.7,active
CHEMBL195398,CONC(=O)c1cc(Nc2ncnn3cc(-c4nnc(CS(C)(=O)=O)o4)c(C(C)C)c23)c(F)cc1F,2.1,active
CHEMBL195903,CONC(=O)c1cc(Nc2ncnn3cc(-c4nnc(C(F)(F)S(C)(=O)=O)o4)c(C(C)C)c23)c(F)cc1F,27.0,active
CHEMBL193136,CONC(=O)c1cc(Nc2ncnn3cc(-c4n[nH]c(C)n4)c(C(C)C)c23)c(F)cc1F,50.0,active
CHEMBL101253,Clc1ccc(Nc2nnc(Cc3ccncc3)c3ccccc23)cc1,100.0,active
CHEMBL318728,c1ccc(Nc2ncc(-c3ccccc3)o2)cc1,3000.0,intermediate
CHEMBL193912,N#Cc1ccccc1Nc1ncc(-c2ccccc2)o1,14400.0,inactive
CHEMBL1794062,COc1ccccc1Nc1ncc(-c2ccccc2)o1.Cl,3260.0,intermediate
CHEMBL1794061,Cl.N#Cc1cccc(Nc2ncc(-c3ccccc3)o2)c1,7600.0,intermediate
CHEMBL194113,OCc1cccc(Nc2ncc(-c3ccccc3)o2)c1,1650.0,intermediate
CHEMBL371374,CCS(=O)(=O)c1cccc(Nc2ncc(-c3ccccc3)o2)c1,10200.0,inactive
CHEMBL192417,Cc1cccc(Nc2ncc(-c3ccccc3)o2)c1,1700.0,intermediate
CHEMBL194062,NS(=O)(=O)c1ccc(Nc2ncc(-c3ccccc3)o2)cc1,4660.0,intermediate
CHEMBL191779,CCS(=O)(=O)c1ccc(OC)c(Nc2ncc(-c3ccc(OC)cc3)o2)c1,3200.0,intermediate
CHEMBL364259,CCS(=O)(=O)c1ccc(OC)c(Nc2ncc(-c3ccc(Cl)cc3)o2)c1,930.0,active
CHEMBL194883,CCS(=O)(=O)c1ccc(OC)c(Nc2ncc(-c3ccc(F)cc3)o2)c1,300.0,active
CHEMBL370744,CCS(=O)(=O)c1ccc(OC)c(Nc2ncc(-c3ccc(C#N)cc3)o2)c1,490.0,active
CHEMBL190872,CCS(=O)(=O)c1ccc(OC)c(Nc2ncc(-c3ccc(C(N)=O)cc3)o2)c1,210.0,active
CHEMBL193955,CCc1cccc(-c2cnc(Nc3cc(S(=O)(=O)CC)ccc3OC)o2)c1,1940.0,intermediate
CHEMBL191705,CCS(=O)(=O)c1ccc(OC)c(Nc2ncc(-c3cccc(C(C)=O)c3)o2)c1,13900.0,inactive
CHEMBL193609,CCS(=O)(=O)c1ccc(OC)c(Nc2ncc(-c3cccc(-c4cccs4)c3)o2)c1,260.0,active
CHEMBL194939,CCS(=O)(=O)c1ccc(OC)c(Nc2ncc(-c3cccc(-c4ccsc4)c3)o2)c1,140.0,active
CHEMBL194176,CCS(=O)(=O)c1ccc(OC)c(Nc2ncc(-c3cccc(-c4ccccn4)c3)o2)c1,370.0,active
CHEMBL193386,CCS(=O)(=O)c1ccc(OC)c(Nc2ncc(-c3cccc(-c4cccnc4)c3)o2)c1,960.0,active
CHEMBL195237,CCS(=O)(=O)c1ccc(OC)c(Nc2ncc(-c3cccc(-c4ccncc4)c3)o2)c1,15000.0,inactive
CHEMBL365815,CCS(=O)(=O)c1ccc(OC)c(Nc2ncc(-c3cccc(-c4cncn4C)c3)o2)c1,170.0,active
CHEMBL364082,CCS(=O)(=O)c1ccc(OC)c(Nc2ncc(-c3cccc(-c4ccccc4)c3)o2)c1,110.0,active
CHEMBL372474,CCS(=O)(=O)c1ccc(OC)c(Nc2ncc(-c3cccc(-c4ccccc4F)c3)o2)c1,40.0,active
CHEMBL191993,CCS(=O)(=O)c1ccc(OC)c(Nc2ncc(-c3cccc(-c4ccccc4Cl)c3)o2)c1,50.0,active
CHEMBL120077,COc1cc2c(cc1OC)-c1n[nH]c(Nc3cccc(F)c3)c1C2,3100.0,intermediate
CHEMBL150315,COc1cc2ncnc(Nc3ccc(Cl)cc3F)c2cc1OC,1000.0,active
CHEMBL199573,COc1cc2c(Nc3ccc(Cl)cc3F)ncnc2cc1OCCOCCNC(=O)c1c(F)c(F)c(N=[N+]=[N-])c(F)c1F,3200.0,intermediate
CHEMBL382716,COc1cc2c(Nc3ccc(Cl)cc3F)ncnc2cc1OCCNC(=O)c1c(F)c(F)c(N=[N+]=[N-])c(F)c1F,4100.0,intermediate
CHEMBL199725,COc1cc2c(Nc3ccc(Cl)cc3F)ncnc2cc1OCCOCCNC(=O)CCCCC1SCC2NC(=O)NC21,1900.0,intermediate
CHEMBL200085,COc1cc2c(Nc3ccc(Cl)cc3F)ncnc2cc1OCCNC(=O)CCCCC1SCC2NC(=O)NC21,14700.0,inactive
CHEMBL199460,COc1cc2c(Nc3ccc(Cl)cc3F)ncnc2cc1OCCOCCNC(=O)C(CCCCNC(=O)CCCCC1SCC2NC(=O)NC21)NC(=O)c1c(F)c(F)c(N=[N+]=[N-])c(F)c1F,40300.0,inactive
CHEMBL214329,CN1CCN(c2ccc(Nc3ncc4ccn(C5CCCCC5)c4n3)cc2)CC1,100.0,active
CHEMBL3326099,CCN(CC)CCCNc1nc(-c2ccc(NC(=O)Nc3ccc(Cl)cc3)cc2)nc2ccsc12,10000.0,inactive
CHEMBL3335387,CCN1CCN(CC(=O)Nc2cc(Oc3ccc4c(c3)nc(Nc3cc(C(F)(F)F)ccc3F)n4C)ccn2)CC1,10.0,active
CHEMBL3343621,Cc1cc(/C=N/NC(=O)Nc2ccc(-c3nc(N4CCOCC4)c4sccc4n3)cc2)cc(C)c1O,10000.0,inactive
CHEMBL558752,Cn1c(Nc2ccc(C(F)(F)F)cc2)nc2cc(Oc3ccnc(-c4ncc(C(F)(F)F)[nH]4)c3)ccc21,20.0,active
CHEMBL3632719,Cn1c(Nc2cccc(C(C)(C)C)c2)nc2cc(Oc3ccnc(-c4ncc(C(F)(F)F)[nH]4)c3)ccc21,70.0,active
CHEMBL3632717,Cn1c(Nc2cccc(C(C)(C)C)c2)nc2cc(Oc3ccnc(-c4ncc[nH]4)c3)ccc21,30.0,active
CHEMBL3335371,CC(=O)Nc1cc(Oc2ccc3c(c2)nc(Nc2cccc(C(C)(C)C)c2)n3C)ccn1,2.0,active
CHEMBL470808,CNC(=O)c1cc(Oc2ccc3c(c2)nc(Nc2cccc(C(C)(C)C)c2)n3C)ccn1,5.0,active
CHEMBL4282506,N#CCC(=O)N/N=C1\C(=O)Nc2ccc(S(=O)(=O)N3CCOCC3)cc21,276.0,active
CHEMBL553,C#Cc1cccc(Nc2ncnc3cc(OCCOC)c(OCCOC)cc23)c1,250.0,active
CHEMBL21156,CC(C)(C)c1nc2c3ccc(F)cc3c3c(=O)[nH]ccc3c2[nH]1,690.0,active
CHEMBL327725,CC(O)C(/N=C1/C=C(O)/C(=N\C(C(=O)O)C(C)O)C=C1O)C(=O)O,3000.0,intermediate
CHEMBL115220,O=C(Cc1ccc2ccccc2c1)Nc1cc(C2CC2)n[nH]1,10000.0,inactive
CHEMBL150894,CC(C)OCc1ccc2c(c1)c1c3c(c4c(c1n2CCCO)Cc1ccccc1-4)C(=O)NC3,4.0,active
CHEMBL153843,O=C(Nc1cccc(C(F)(F)F)c1)c1ccccc1NCc1ccncc1,18.0,active
CHEMBL276711,Cc1cc(C)c(/C=C2\C(=O)Nc3ccccc32)[nH]1,50.0,active
CHEMBL75232,Clc1ccc(Nc2nnc(Cc3ccncc3)c3ccccc23)cc1.O=C(O)CCC(=O)O,195.0,active
CHEMBL347537,O=C(Nc1cccc(-c2cncc3ccccc23)c1)c1ccccc1NCc1ccncc1,52.0,active
CHEMBL196363,Cc1cccc(NC(=O)Nc2ccc(-c3csc4ncnc(N)c34)cc2)c1,13.0,active
CHEMBL381207,Cc1sc2ncnc(N)c2c1-c1ccc(NC(=O)Nc2cc(C(F)(F)F)ccc2F)cc1,87.0,active
CHEMBL383541,N[C@H](COc1cncc(/C=C/c2ccncc2)c1)Cc1c[nH]c2ccccc12,50000.0,inactive
CHEMBL388978,CN[C@@H]1C[C@H]2O[C@@](C)([C@@H]1OC)n1c3ccccc3c3c4c(c5c6ccccc6n2c5c31)C(=O)NC4,58.0,active
CHEMBL383264,N[C@H](COc1cncc(-c2ccc3cnccc3c2)c1)Cc1c[nH]c2ccccc12,50000.0,inactive
CHEMBL212084,c1cn(Cc2ccc3c(c2)-c2[nH]nc(-c4ccsc4)c2C3)cn1,169.0,active
CHEMBL213743,CN1CCN(Cc2ccc3c(c2)-c2[nH]nc(-c4ccsc4)c2C3)CC1,1573.0,intermediate
CHEMBL262433,Cc1ccc(F)c(NC(=O)Nc2ccc(-c3nsc4ncnc(N)c34)cc2)c1,68.0,active
CHEMBL214258,Nc1ncnc2snc(-c3ccc(NC(=O)Nc4cc(C(F)(F)F)ccc4F)cc3)c12,23.0,active
CHEMBL213504,Nc1ncnc2snc(-c3ccc(NC(=O)Nc4cccc(C(F)(F)F)c4)cc3)c12,3.0,active
CHEMBL376951,Cc1cccc(NC(=O)Nc2ccc(-c3nsc4ncnc(N)c34)cc2)c1,4.0,active
CHEMBL217090,Clc1ccc2c(c1Nc1ncnc3cc(OCCCN4CCCC4)cc(OC4CCOCC4)c13)OCO2,10000.0,inactive
CHEMBL217092,CN1CCN(CCOc2cc(OC3CCOCC3)c3c(Nc4c(Cl)ccc5c4OCO5)ncnc3c2)CC1,10000.0,inactive
CHEMBL402548,CO[C@@H](C(=O)N1Cc2[nH]nc(NC(=O)c3ccc(N4CCN(C)CC4)cc3)c2C1)c1ccccc1,161.0,active
CHEMBL201511,COc1cc(C2=C(c3c[nH]c4ccccc34)C(=O)NC2=O)cc(OC)c1OC,5.0,active
CHEMBL223360,Cc1ccc(F)c(NC(=O)Nc2ccc(-c3cccc4[nH]nc(N)c34)cc2)c1,190.0,active
CHEMBL390156,CN1CCN(Cc2ccc3c(c2)Cc2c(-c4csc(C#CCOc5ccccc5)c4)n[nH]c2-3)CC1,3.0,active
CHEMBL223971,COCCOCC#Cc1cc(-c2n[nH]c3c2Cc2ccc(Cn4cncn4)cc2-3)cs1,4.0,active
CHEMBL234655,O=C(NCCCN1CCCC1=O)c1cnccc1Nc1nc(-c2cc(Br)ccc2F)nc2nccnc12,123.0,active
CHEMBL398610,CCOc1cccc2c1c(/C=C1\C(=O)NN=C1c1snnc1C)cn2C,16.0,active
CHEMBL247228,Nc1ncnc2occ(-c3ccc(NC(=O)Nc4cc(C(F)(F)F)ccc4F)cc3)c12,7.586,active
CHEMBL398877,CC(C)(C)c1ccc(-n2ncc3c2-c2ccccc2NC(=O)C3)cc1,10000.0,inactive
CHEMBL258015,CO/N=C(\C)c1ccc2c(c1)c1c3c(c4c(c1n2CC(C)C)CCc1nn(C)cc1-4)C(=O)NC3,10.0,active
CHEMBL429743,COc1cc2nccc(Oc3ccc4c(C(=O)Nc5ccc(Cl)cc5)cccc4c3)c2cc1OC,2.0,active
CHEMBL260138,N#CCCc1ccc2c(c1)-c1[nH]c3ccc([N+](=O)[O-])cc3c1CC(=O)N2,1000.0,active
CHEMBL406381,CCCNC(=O)Nc1ccc(Oc2ncnc3cc(OC)c(OC)cc23)cc1Cl,125.0,active
CHEMBL488840,Cc1cccc(C)c1/C=C/n1cnc2c(Nc3ccc(P(C)(C)=O)cc3)ncnc21,151.0,active
CHEMBL518051,CS(=O)(=O)O.O=C(Nc1cccc(Cl)c1)Nc1ncc(CCNc2ncnc3ccsc23)s1,14.0,active
CHEMBL522892,CN1CCN(c2ccc3nc(-c4c(N)c5c(F)cccc5[nH]c4=O)[nH]c3c2)CC1,3.0,active
CHEMBL524266,Nc1nccc(-c2cc3c([nH]2)[C@@H](CCF)CNC3=O)n1,4000.0,intermediate
CHEMBL495727,O=C(Nc1c[nH]nc1-c1nc2ccc(CN3CCOCC3)cc2[nH]1)NC1CC1,1.0,active
CHEMBL490555,c1cc(Nc2ncnc3[nH]ccc23)cc(-c2nc3ccccc3s2)c1,10000.0,inactive
CHEMBL474347,Fc1cc(-c2nc3ccccc3s2)ccc1Nc1ncnc2ccsc12,10000.0,inactive
CHEMBL474346,Clc1cc(Nc2ncnc3ccsc23)ccc1-c1nc2ccccc2s1,10000.0,inactive
CHEMBL514929,COc1cc(Nc2ncnc3ccsc23)ccc1-c1nc2ccccc2s1,10000.0,inactive
CHEMBL472946,c1ccc2sc(-c3ccc(Nc4ncnc5ccsc45)cc3)nc2c1,10000.0,inactive
CHEMBL462338,COc1nc(Nc2ccc(-c3nc4ccccc4s3)cc2)c2cc[nH]c2n1,10000.0,inactive
CHEMBL462162,COc1cc(Nc2ncnc3[nH]ccc23)ccc1-c1nc2ccccc2s1,10000.0,inactive
CHEMBL461110,COc1cc(Nc2nccc(Nc3cc(C)[nH]n3)n2)ccc1-c1nc2ccccc2s1,10000.0,inactive
CHEMBL462160,CNc1ccnc(Nc2ccc(-c3nc4ccccc4s3)cc2)n1,10000.0,inactive
CHEMBL464210,CNC(=O)c1cc(Nc2ccc(-c3nc4ccccc4s3)cc2)ccn1,10000.0,inactive
CHEMBL475351,COc1nc(Nc2ccc(-c3nc4ccccc4s3)c(OC)c2)c2cc[nH]c2n1,7700.0,intermediate
CHEMBL512933,CNc1nccc(Nc2ccc(-c3nc4ccccc4s3)cc2)n1,6900.0,intermediate
CHEMBL461991,Cc1cc(Nc2cc(Nc3ccc(-c4nc5ccccc5s4)cc3)ccn2)n[nH]1,6500.0,intermediate
CHEMBL464014,CNc1cc(Nc2ccc(-c3nc4ccccc4s3)cc2)ccn1,6000.0,intermediate
CHEMBL459886,CN1CCN(c2ccnc(Nc3ccc(-c4nc5ccccc5s4)cc3)n2)CC1,5200.0,intermediate
CHEMBL475352,COc1cc(Nc2ncnc3[nH]cnc23)ccc1-c1nc2ccccc2s1,3400.0,intermediate
CHEMBL491686,Cc1cc(Nc2ccnc(Nc3cccc(-c4nc5ccccc5s4)c3)n2)n[nH]1,2500.0,intermediate
CHEMBL301018,COc1cc2ncnc(Nc3ccc(F)c(Cl)c3)c2cc1OC,2400.0,intermediate
CHEMBL518803,c1ccc2sc(-c3ccc(Nc4ncnc5[nH]ccc45)cc3)nc2c1,2100.0,intermediate
CHEMBL522785,COc1cc2nc(Nc3cc(C)[nH]n3)nc(Nc3cccc(-c4nc5ccccc5s4)c3)c2cc1OC,1600.0,intermediate
CHEMBL460746,O=C(NC(=S)Nc1ccc(O)c(-c2nc3ccccc3s2)c1)c1ccc([N+](=O)[O-])cc1,1000.0,active
CHEMBL525203,COC(=O)c1ccc2c(c1)NC(=O)/C2=C(\Nc1ccc(CN(C)C(=O)N(C)C)cc1)c1ccccc1,10.0,active
CHEMBL502835,COC(=O)c1ccc2c(c1)NC(=O)/C2=C(\Nc1ccc(N(C)C(=O)CN2CCN(C)CC2)cc1)c1ccccc1,5.0,active
CHEMBL497049,COC(=O)c1ccc2c(c1)NC(=O)/C2=C(\Nc1ccc(CN2CCCCC2)cc1)c1ccccc1,32.0,active
CHEMBL524453,COC(=O)c1ccc2c(c1)NC(=O)/C2=C(\Nc1ccc(N(C)C(=O)Cn2ccnc2)cc1)c1ccccc1,7.0,active
CHEMBL498088,COC(=O)c1ccc2c(c1)NC(=O)/C2=C(\Nc1ccc(N(CC(=O)N(C)C)C(C)=O)cc1)c1ccccc1,6.0,active
CHEMBL525909,COC(=O)c1ccc2c(c1)NC(=O)/C2=C(\Nc1ccc(N(CCCN(C)C)C(C)=O)cc1)c1ccccc1,3.0,active
CHEMBL498265,COC(=O)c1ccc2c(c1)NC(=O)/C2=C(\Nc1ccc(N(CCN(C)C)C(C)=O)cc1)c1ccccc1,5.0,active
CHEMBL498266,COC(=O)c1ccc2c(c1)NC(=O)/C2=C(\Nc1ccc(N(CCN(C)C)S(C)(=O)=O)cc1)c1ccccc1,10.0,active
CHEMBL525550,COC(=O)c1ccc2c(c1)NC(=O)/C2=C(\Nc1ccc(C(=O)N(C)CCN(C)C)cc1)c1ccccc1,59.0,active
CHEMBL498105,COC(=O)c1ccc2c(c1)NC(=O)/C2=C(\Nc1ccc(CN(C)C)cc1)c1ccccc1,73.0,active
CHEMBL465015,COC(=O)c1ccc2c(c1)NC(=O)/C2=C(\Nc1ccc(NC(=O)CN2CCN(C)CC2)cc1)c1ccccc1,24.0,active
CHEMBL519976,COc1ncnc2c1ncn2CC(=O)c1ccccc1,45000.0,inactive
CHEMBL505896,COc1cc2c(Oc3ccc(-c4cnc(Cc5ccccc5)n(C)c4=O)cc3F)ccnc2cc1OCCCN1CCOCC1,120.0,active
CHEMBL453737,COc1cc2c(Oc3ccc(-c4cnc(Nc5ccc(F)cc5)n(C)c4=O)cc3F)ccnc2cc1OCCCN1CCOCC1,5.0,active
CHEMBL460990,CC(C)Oc1ccc2c(c1)CCc1c-2c2c(c3c4ccccc4n(CCO)c13)CNC2=O,2459.0,intermediate
CHEMBL460989,COc1ccc2c(c1)CCc1c-2c2c(c3c4ccccc4n(CCO)c13)CNC2=O,10000.0,inactive
CHEMBL290352,CCSCc1ccc2c(c1)c1c3c(c4c5cc(CSCC)ccc5n5c4c1n2[C@H]1C[C@](O)(C(=O)OC)[C@]5(C)O1)CNC3=O,39.0,active
CHEMBL519982,Cc1cc(O)cc2oc(=O)c3c(O)cc(O)cc3c12,1.3,active
CHEMBL521470,O=C1C[C@H](O)[C@@H]2c3c(ccc(O)c31)-c1ccc(O)c3c1[C@@]2(O)CCC3=O,2.8,active
CHEMBL519395,COc1cc(O)c(C(=O)O)c(C2=C(C)C[C@@H](O)C2=O)c1,3.7,active
CHEMBL408995,COc1cc(O)c2c(c1)C1(OC2=O)C(C)=CC(=O)C1O,10.0,active
CHEMBL507058,COc1cc(O)c2c(c1)-c1cc(O)c(O)cc1COC2=O,10.0,active
CHEMBL483532,Cc1cc(O)c(O)cc1-c1cc(O)cc(O)c1C(=O)O,6.8,active
CHEMBL483531,COc1cc(O)c(C(=O)O)c(-c2cc(O)c(O)cc2C)c1,10.0,active
CHEMBL483526,COc1cc(O)c2c(=O)oc3cc(O)cc(C)c3c2c1,0.96,active
CHEMBL483525,Cc1cc(O)cc2oc(=O)c3c(O)cc(OS(=O)(=O)O)cc3c12,1.7,active
CHEMBL520144,COc1cc(O)c2c(=O)oc3c(O)c(O)cc(C)c3c2c1,0.39,active
CHEMBL507056,COc1ccc(C2=C(c3cn(C)c4ccccc34)C(=O)NC2)cc1,18000.0,inactive
CHEMBL452812,COc1ccc(C2=C(c3c[nH]c4ccccc34)C(=O)NC2)cc1,8700.0,intermediate
CHEMBL509435,COc1cc(C2=C(c3cn(C)c4ccccc34)C(=O)NC2)cc(OC)c1OC,11000.0,inactive
CHEMBL453593,COc1cc(C2=C(c3cn(CC(O)CO)c4ccccc34)CNC2=O)cc(OC)c1OC,2500.0,intermediate
CHEMBL509635,COc1cc(C2=C(c3cn(CC4COC(C)(C)O4)c4ccccc34)CNC2=O)cc(OC)c1OC,3200.0,intermediate
CHEMBL453336,COc1cc(C2=C(c3cn(COCc4ccccc4)c4ccccc34)CNC2=O)cc(OC)c1OC,1700.0,intermediate
CHEMBL488811,COc1cc(C2=C(c3cn(COc4ccccc4)c4ccccc34)CNC2=O)cc(OC)c1OC,2500.0,intermediate
CHEMBL488646,COc1cc(C2=C(c3cn(COC(C)(C)C)c4ccccc34)CNC2=O)cc(OC)c1OC,4800.0,intermediate
CHEMBL488645,COc1cc(C2=C(c3cn(COC(C)C)c4ccccc34)CNC2=O)cc(OC)c1OC,5300.0,intermediate
CHEMBL529217,CCOCn1cc(C2=C(c3cc(OC)c(OC)c(OC)c3)C(=O)NC2)c2ccccc21,3600.0,intermediate
CHEMBL519590,COCn1cc(C2=C(c3cc(OC)c(OC)c(OC)c3)C(=O)NC2)c2ccccc21,3200.0,intermediate
CHEMBL486437,COc1cc(C2=C(c3cn(COCC[Si](C)(C)C)c4ccccc34)CNC2=O)cc(OC)c1OC,5600.0,intermediate
CHEMBL505253,COc1cc(C2=C(c3c[nH]c4ccccc34)C(O)NC2=O)cc(OC)c1OC,3400.0,intermediate
CHEMBL521201,COc1cc(C2=C(c3c[nH]c4ccccc34)C(=O)NC2)cc(OC)c1OC,9400.0,intermediate
CHEMBL529663,COc1cc(C2=C(c3c[nH]c4ccccc34)CNC2=O)cc(OC)c1OC,37.0,active
CHEMBL514499,COc1cc2ncn(-c3cc(OCc4ccccc4C(F)(F)F)c(C(N)=O)s3)c2cc1OC,92.0,active
CHEMBL477772,Cc1ccc(Nc2nccc(N(C)c3ccc4c(C)n(C)nc4c3)n2)cc1S(N)(=O)=O,47.0,active
CHEMBL487254,N=C(Nc1ccccc1)SCCCN1C(=O)C2=C(C1=O)n1ccc3cccc(c31)C1Cc3ccccc3N21,9600.0,intermediate
CHEMBL489083,N=C(N)SCCCn1c(=O)c2c(c1=O)n1c3ccccc3cc1c1cccc3ccn2c31,4700.0,intermediate
CHEMBL564829,CNC(=O)c1nn(C)c2c1C(C)(C)Cc1cnc(Nc3ccc(N4CCN(C)CC4)cc3)nc1-2,920.0,active
CHEMBL463054,COc1cc(O)c2c(c1)C(=O)c1cc(C)c(O)cc1C2=O,10.0,active
CHEMBL512054,COc1cc(O)c2c(c1)C(=O)C1=C(C2=O)[C@H](O)[C@@H](O)[C@@](C)(O)[C@@H]1O,9.9,active
CHEMBL554993,COc1cc2c(c(O)c1-c1c(OC)cc(O)c3c1C(=O)C1=C(C3=O)[C@H](O)[C@@H](O)[C@@](C)(O)[C@@H]1O)C(=O)c1cc(O)c(C)cc1C2=O,4.0,active
CHEMBL556684,COc1cc(O)c2c(c1)C(=O)c1cc(C)c(O)c(O)c1C2=O,2.7,active
CHEMBL571040,C=CC(=O)N1CCC[C@H]1C(=O)Nc1cc2c(Nc3cccc(Cl)c3F)ncnc2cc1OCCOC,2700.0,intermediate
CHEMBL569880,C=CC(=O)N1CCC[C@H]1C(=O)Nc1cc2c(Nc3ccc(F)c(Cl)c3F)ncnc2cc1OCCOC,4500.0,intermediate
CHEMBL565612,CN1CCN(c2nc(C3=C(c4c[nH]c5ccccc45)C(=O)NC3=O)c3ccccc3n2)CC1,4600.0,intermediate
CHEMBL595615,COc1cc2c(Nc3ccc(-c4nc5ccccc5s4)cc3)ncnc2cc1OCCCN1CCN(C)CC1,69.0,active
CHEMBL595406,COc1cc2c(Nc3ccc(-c4nc5ccccc5s4)cc3C)ncnc2cc1OCCCN1CCN(C)CC1,340.0,active
CHEMBL595142,COc1cc2c(Nc3ccc(-c4nc5ccccc5s4)cc3O)ncnc2cc1OCCCN1CCN(C)CC1,4500.0,intermediate
CHEMBL593221,COc1cc(-c2nc3ccccc3s2)ccc1Nc1ncnc2cc(OCCCN3CCN(C)CC3)c(OC)cc12,1700.0,intermediate
CHEMBL593245,COc1cc2c(Nc3ccc(-c4nc5ccccc5s4)cc3OC(F)(F)F)ncnc2cc1OCCCN1CCN(C)CC1,10000.0,inactive
CHEMBL594228,COc1cc2c(Nc3ccc(-c4nc5ccccc5s4)cc3F)ncnc2cc1OCCCN1CCN(C)CC1,350.0,active
CHEMBL596087,COc1cc2c(Nc3ccc(-c4nc5ccccc5s4)c(C)c3)ncnc2cc1OCCCN1CCN(C)CC1,1500.0,intermediate
CHEMBL606466,COc1cc2c(Nc3ccc(-c4nc5ccccc5s4)c(O)c3)ncnc2cc1OCCCN1CCN(C)CC1,520.0,active
CHEMBL593860,COc1cc2c(Nc3ccc(-c4nc5ccccc5s4)c(OC)c3)ncnc2cc1OCCCN1CCN(C)CC1,7100.0,intermediate
CHEMBL593987,COc1cc2c(Nc3ccc(-c4nc5ccccc5s4)c(F)c3)ncnc2cc1OCCCN1CCN(C)CC1,210.0,active
CHEMBL593274,COc1cc2c(Nc3ccc(-c4nc5ccccc5s4)c(Cl)c3)ncnc2cc1OCCCN1CCN(C)CC1,470.0,active
CHEMBL593306,COc1ccc2nc(-c3ccc(Nc4ncnc5cc(OCCCN6CCN(C)CC6)c(OC)cc45)cc3)sc2c1,1900.0,intermediate
CHEMBL604992,COc1cc2c(Nc3ccc(-c4nc5ccc(F)cc5s4)cc3)ncnc2cc1OCCCN1CCN(C)CC1,865.0,active
CHEMBL593275,COc1cc2c(Nc3ccc(-c4nc5ccc(Cl)cc5s4)cc3)ncnc2cc1OCCCN1CCN(C)CC1,9300.0,intermediate
CHEMBL596292,COc1cc2c(Nc3ccc(-c4nc5cc(Cl)ccc5s4)cc3)ncnc2cc1OCCCN1CCN(C)CC1,1300.0,intermediate
CHEMBL593908,COc1cc2c(Nc3ccc(-c4nc5cc(C(F)(F)F)ccc5s4)cc3)ncnc2cc1OCCCN1CCN(C)CC1,10000.0,inactive
CHEMBL593909,COc1cc2c(Nc3ccc(-c4nc5ccc(Cl)cc5s4)cc3F)ncnc2cc1OCCCN1CCN(C)CC1,3000.0,intermediate
CHEMBL593770,COc1cc2c(N(C)c3ccc(-c4nc5ccccc5s4)c(OC)c3)ncnc2cc1OCCCN1CCN(C)CC1,10000.0,inactive
CHEMBL604483,COc1cc2c(Oc3ccc(-c4nc5ccccc5s4)cc3F)ncnc2cc1OCCCN1CCN(C)CC1,190.0,active
CHEMBL595143,COc1cc2c(Oc3ccc(-c4nc5ccccc5s4)cc3)ncnc2cc1OCCCN1CCN(C)CC1,121.0,active
CHEMBL595373,COc1cc2c(Oc3ccc(-c4nc5ccccc5s4)cc3)ncnc2cc1OCCCN1CCCC1,140.0,active
CHEMBL590109,NCCn1cc(-c2cc(-c3cc4ccccc4s3)c3[nH]ncc3c2)c2nc(N)ncc21,5800.0,intermediate
CHEMBL597492,COc1cc(C2=C(c3c[nH]c4ccc(I)cc34)C(=O)NC2=O)cc(OC)c1OC,29.51,active
CHEMBL605957,COc1cc(C2=C(c3c[nH]c4ccc(Br)cc34)C(=O)NC2=O)cc(OC)c1OC,21.0,active
CHEMBL606168,COc1cc(C2=C(c3c[nH]c4ccc(F)cc34)C(=O)NC2=O)cc(OC)c1OC,66.0,active
CHEMBL599224,CC(=O)N1CCC(Nc2ncc3c(n2)-c2c(c(C(N)=O)nn2C)CC3)CC1,10000.0,inactive
CHEMBL599428,Cn1nc(C(N)=O)c2c1-c1nc(NC3CCN(C(=O)c4ccccc4)CC3)ncc1CC2,10000.0,inactive
CHEMBL597754,CNC(=O)c1nn(C)c2c1CCc1cnc(NC3CCN(C(=O)C4CCN(S(C)(=O)=O)CC4)CC3)nc1-2,10000.0,inactive
CHEMBL1230607,CC(C)CC(=O)Nc1n[nH]c2c1CN(C(=O)C1CCN(C)CC1)C2(C)C,10000.0,inactive
CHEMBL604712,CC(C)(C)C(=O)N1Cc2c(NC(=O)c3cc(F)cc(F)c3)n[nH]c2C1(C)C,10000.0,inactive
CHEMBL1081198,O=C(Nc1cccc(-c2cn3ccnc3c(NCc3ccncc3)n2)c1)Nc1cccc(C(F)(F)F)c1,71.0,active
CHEMBL1090360,O=C(Cc1ccccc1)Nc1cccc(-c2nc3sccn3c2-c2ccnc(Nc3cccc(N4CCOCC4)c3)n2)c1,65.0,active
CHEMBL1098119,Cl.NCCc1cn(CCCCCc2ccccc2)c2ccc(OCCc3ccc(O)cc3)cc12,2680.0,intermediate
CHEMBL1098120,Cl.NC1CCc2c(c3cc(OCCc4ccc(O)cc4)ccc3n2CCCCCc2ccccc2)C1,2170.0,intermediate
CHEMBL535832,Cl.NCCc1c[nH]c2ccc(O)cc12,50000.0,inactive
CHEMBL1098121,COc1ccc(CCCCCn2cc(CCN)c3cc(OCCc4ccc(O)cc4)ccc32)cc1.Cl,2050.0,intermediate
CHEMBL1094194,CSc1ccc(CCCCCn2cc(CCN)c3cc(OCCc4ccc(O)cc4)ccc32)cc1.Cl,2530.0,intermediate
CHEMBL1094195,Cl.NCCc1cn(Cc2ccc(-c3cccc(C(F)(F)F)c3)cc2)c2ccc(OCCc3ccc(O)cc3)cc12,3010.0,intermediate
CHEMBL1094196,COc1ccc(-c2ccc(Cn3cc(CCN)c4cc(OCCc5ccc(O)cc5)ccc43)cc2)cc1.Cl,960.0,active
CHEMBL1095154,Cl.NCCc1cn(Cc2ccc(-c3ccccc3)cc2)c2ccc(OCCc3ccc(O)cc3)cc12,4070.0,intermediate
CHEMBL1095957,Cl.NCCc1c[nH]c2ccc(OCCc3ccc(O)cc3)cc12,2640.0,intermediate
CHEMBL1099339,CSc1ccc(CCCCCn2cc(CCNC(=O)OC(C)(C)C)c3cc(OCCc4ccc(O)cc4)ccc32)cc1,50000.0,inactive
CHEMBL1094835,COc1ccc(CCOc2ccc3c(c2)c(CCN)cn3CCCCCc2ccc(SC)cc2)cc1.Cl,1310.0,intermediate
CHEMBL3216254,CN(C)c1ccc(CCCCCn2c3c(c4cc(OCCc5ccc(O)cc5)ccc42)CC(N)CC3)cc1.Cl.Cl,1660.0,intermediate
CHEMBL1094492,COc1ccc(CCCCCn2c3c(c4cc(OCCc5ccc(O)cc5)ccc42)CC(N)CC3)cc1.Cl,1810.0,intermediate
CHEMBL1094825,Cl.NC1CCc2c(c3cc(OCCc4ccc(O)cc4)ccc3n2CCCCCc2ccc(C(F)(F)F)cc2)C1,2270.0,intermediate
CHEMBL3216699,Cl.Cl.NC1CCc2c(c3cc(OCCc4ccc(O)cc4)ccc3n2CCCCCc2ccccn2)C1,2220.0,intermediate
CHEMBL1097189,Cl.NC1CCc2c(c3cc(OCCc4ccc(O)cc4)ccc3n2CCCc2ccccc2)C1,2850.0,intermediate
CHEMBL1097190,Cl.NC1CCc2[nH]c3ccc(OCCc4ccc(O)cc4)cc3c2C1,34570.0,inactive
CHEMBL1094369,COCCc1ccc(O)cc1,50000.0,inactive
CHEMBL1094408,COc1ccc(N2CCN(C)CC2)cc1Nc1ncc2c(n1)-c1c(c(C(N)=O)nn1C)CC2,587.0,active
CHEMBL1090479,CCn1cc(-c2ccnc3[nH]c(-c4cccc(CN(C)C)c4)cc23)c(-c2ccc(NC(=O)N(C)C)cc2)n1,74.0,active
CHEMBL1082829,CCCCn1c2ccc(C3CCCCO3)cc2c2c3c(c4c(c21)CCc1nn(C)cc1-4)C(=O)NC3,5.0,active
CHEMBL1084337,CC(C)Cn1c2ccc(C3CCCCO3)cc2c2c3c(c4c(c21)CCc1nn(C)cc1-4)C(=O)NC3,9.0,active
CHEMBL1164957,Cc1cccc(-c2[nH]c(Cc3cccc(C(N)=O)c3)nc2-c2ccc3ncccc3c2)n1,940.0,active
CHEMBL535,CCN(CC)CCNC(=O)c1c(C)[nH]c(/C=C2\C(=O)Nc3ccc(F)cc32)c1C,8.9,active
CHEMBL1173411,COc1ccc(NC(=O)Nc2ccc3c(c2)NC(=O)/C3=C\c2[nH]cc(C(=O)O)c2C)cc1,0.8,active
CHEMBL1173482,O=C(Nc1ccccc1)Nc1ccc2c(c1)NC(=O)/C2=C\c1ccc[nH]1,22.4,active
CHEMBL1173149,COc1ccc(NC(=O)Nc2ccc3c(c2)NC(=O)/C3=C\c2ccc[nH]2)cc1,12.8,active
CHEMBL1172814,COc1ccc(NC(=O)Nc2ccc3c(c2)NC(=O)/C3=C\c2ccc[nH]2)cc1OC,92.0,active
CHEMBL1172815,Cc1ccc(NC(=O)Nc2ccc3c(c2)NC(=O)/C3=C\c2ccc[nH]2)cc1,146.8,active
CHEMBL1172886,O=C(Nc1ccc(Cl)cc1)Nc1ccc2c(c1)NC(=O)/C2=C\c1ccc[nH]1,8.7,active
CHEMBL1172887,O=C(Nc1ccc(Oc2ccccc2)cc1)Nc1ccc2c(c1)NC(=O)/C2=C\c1ccc[nH]1,68.0,active
CHEMBL1172837,O=C(Nc1ccc(-c2ccccc2)cc1)Nc1ccc2c(c1)NC(=O)/C2=C\c1ccc[nH]1,88.0,active
CHEMBL1172838,O=C(Nc1ccc(-c2ccc3ccccc3c2)cc1)Nc1ccc2c(c1)NC(=O)/C2=C\c1ccc[nH]1,13.0,active
CHEMBL1173107,Cc1[nH]c(/C=C2\C(=O)Nc3cc(NC(=O)Nc4ccccc4)ccc32)c(C)c1C(=O)O,5.8,active
CHEMBL1173174,COc1ccc(NC(=O)Nc2ccc3c(c2)NC(=O)/C3=C\c2[nH]c(C)c(C(=O)O)c2C)cc1,32.9,active
CHEMBL1172420,Cc1ccc(NC(=O)Nc2ccc3c(c2)NC(=O)/C3=C\c2[nH]c(C)c(C(=O)O)c2C)cc1,39.0,active
CHEMBL1172421,Cc1[nH]c(/C=C2\C(=O)Nc3cc(NC(=O)Nc4ccc(Cl)cc4)ccc32)c(C)c1C(=O)O,42.0,active
CHEMBL1172422,Cc1[nH]c(/C=C2\C(=O)Nc3cc(NC(=O)Nc4ccccc4)ccc32)c(C)c1CC(=O)O,34.0,active
CHEMBL1173150,COc1ccc(NC(=O)Nc2ccc3c(c2)NC(=O)/C3=C\c2[nH]c(C)c(CC(=O)O)c2C)cc1,11.0,active
CHEMBL1173541,COc1ccc(NC(=O)Nc2ccc3c(c2)NC(=O)/C3=C\c2[nH]c(C)c(CCC(=O)O)c2C)cc1,13.0,active
CHEMBL1173542,Cc1cc(C(=O)O)[nH]c1/C=C1\C(=O)Nc2cc(NC(=O)Nc3ccccc3)ccc21,1000.0,active
CHEMBL1173243,Cc1cc(C(=O)O)[nH]c1/C=C1\C(=O)Nc2cc(NC(=O)Nc3ccc(Cl)cc3)ccc21,1000.0,active
CHEMBL1173244,COc1ccc(NC(=O)Nc2ccc3c(c2)NC(=O)/C3=C\c2ccc(C(=O)O)[nH]2)cc1,1000.0,active
CHEMBL1172410,COc1ccc(NC(=O)Nc2ccc3c(c2)NC(=O)/C3=C\c2[nH]ccc2-c2ccc(C(=O)O)s2)cc1,1000.0,active
CHEMBL225519,O=C1NCCc2[nH]c(-c3ccncc3)cc21,10000.0,inactive
CHEMBL1258913,O=C(Nc1n[nH]c2cc(C(=O)N[C@H](CN3CCCC3)c3ccccc3)sc12)c1ccc(N2CCOCC2)cc1,19.0,active
CHEMBL1270230,NC(=O)c1cc(-c2ccnc(N)n2)[nH]c1-c1ccccc1,10000.0,inactive
CHEMBL1668411,COc1cc(O)c2c(c1)/C=C/C[C@@H](O)[C@H](O)C(=O)/C=C\C[C@H](C)OC2=O,0.5,active
CHEMBL1668412,COc1cc(O)c2c(c1)/C=C/CCCC(=O)C[C@H](Cl)C[C@H](C)OC2=O,100000.0,inactive
CHEMBL1668413,COc1cc(O)c2c(c1)CCCCCC(=O)C[C@H](Cl)C[C@H](C)OC2=O,17000.0,inactive
CHEMBL1668414,COc1cc(O)c2c(c1)/C=C/CCCC(=O)C[C@H](Br)C[C@H](C)OC2=O,5500.0,intermediate
CHEMBL1668415,COc1cc(O)c2c(c1)CCCCCC(=O)C[C@H](Br)C[C@H](C)OC2=O,5800.0,intermediate
CHEMBL1668416,COc1cc(O)c2c(c1)/C=C\CCCC(=O)C[C@H](Cl)C[C@H](C)OC2=O,100000.0,inactive
CHEMBL1668417,COc1cc(O)c2c(c1)/C=C\CCCC(=O)C[C@H](Br)C[C@H](C)OC2=O,65000.0,inactive
CHEMBL1668418,COc1cc(O)c2c(c1)/C=C/CCCC(=O)/C=C/C[C@H](C)OC2=O,1400.0,intermediate
CHEMBL1668419,COc1cc(O)c2c(c1)CCCCCC(=O)/C=C/C[C@H](C)OC2=O,720.0,active
CHEMBL1668420,COc1cc(O)c2c(c1)/C=C\CCCC(=O)/C=C/C[C@H](C)OC2=O,1600.0,intermediate
CHEMBL1651523,COc1cc(O)c2c(c1)CCCCCC(=O)/C=C\C[C@H](C)OC2=O,1200.0,intermediate
CHEMBL1681932,CCNC(=O)Nc1ccc(Oc2ncnc(N)c2/C=N/OC)cc1Cl,1100.0,intermediate
CHEMBL1738758,CN1CCN(c2ccc(OC(F)(F)F)c(Nc3ncc4c(n3)-c3c(c(C(N)=O)nn3CCO)CC4)c2)CC1,10000.0,inactive
CHEMBL1784637,CNC(=O)c1ncc(C#Cc2cc(C(=O)Nc3ccc(CN4CCN(CCO)CC4)c(C(F)(F)F)c3)ccc2C)n1C,2.6,active
CHEMBL1822792,CN(C[C@@H]1COCCO1)S(=O)(=O)Nc1ccc2ccc3ncc(-c4cnn(C)c4)cc3c(=O)c2c1,78.0,active
CHEMBL1834657,CCN1CCN(c2ccc(Nc3cc(N(C)C(=O)Nc4c(Cl)c(OC)cc(OC)c4Cl)ncn3)cc2)CC1.O=P(O)(O)O,2072.0,intermediate
CHEMBL1923983,CNc1nc2[nH]c(-c3cccc(CNC(=O)COC)n3)cc2c2c1ncn2C,360.0,active
CHEMBL1929238,CN(C)CCN1CCN(C(=O)c2cc(C(C)(C)C)sc2NC(=O)Nc2cccc(Cl)c2Cl)CCC1=O,30000.0,inactive
CHEMBL103667,Cc1ccc(-n2nc(C(C)(C)C)cc2NC(=O)Nc2ccc(OCCN3CCOCC3)c3ccccc23)cc1,270.0,active
CHEMBL1933576,CN1CCN(c2ccc(OC(F)(F)F)c(Nc3nccc(-c4cc(C(N)=O)cn4C)n3)c2)CC1,10000.0,inactive
CHEMBL1933582,CN1CCN(c2ccc(OC(F)(F)F)c(Nc3nccc(-c4cc5c(n4C)CCNC5=O)n3)c2)CC1,10000.0,inactive
CHEMBL1934327,CN1CCC(COc2ccc3c(Nc4ccc(NC(=O)Nc5cccc(F)c5)cc4)ncnc3c2)CC1,9.6,active
CHEMBL1940103,COc1cc2ncnc(Nc3cnn(CC(=O)Nc4cccc(F)c4)c3)c2cc1OC,51.0,active
CHEMBL1940104,COc1cccc(NC(=O)Cn2cc(Nc3ncnc4cc(OC)c(OC)cc34)cn2)c1,25.0,active
CHEMBL1940105,COc1cc2ncnc(Nc3cnn(CC(=O)Nc4ccc(N(C)C)cc4)c3)c2cc1OC,101.0,active
CHEMBL1940106,COc1cc2ncnc(Nc3cnn(CC(=O)Nc4ccc(N(C)C)cn4)c3)c2cc1OC,453.0,active
CHEMBL1940107,COc1cc2ncnc(Oc3cnn(CC(=O)Nc4ccc(N(C)C)cn4)c3)c2cc1OC,39.0,active
CHEMBL1940108,COc1cccc(NC(=O)Cn2cc(Oc3ncnc4cc(OC)c(OC)cc34)cn2)c1,0.4,active
CHEMBL1940109,COCCOc1cc2ncnc(Oc3cnn(CC(=O)Nc4cccc(OC)c4)c3)c2cc1OC,0.2,active
CHEMBL1940110,COCCOc1cc2c(Oc3cnn(CC(=O)Nc4cccc(OC)c4)c3)ncnc2cc1OC,5.0,active
CHEMBL1940111,COc1cccc(NC(=O)Cn2cc(Oc3ncnc4cc(OC)c(OCCN5CCCCC5)cc34)cn2)c1,31.0,active
CHEMBL1940112,COc1cccc(NC(=O)Cn2cc(Oc3ncnc4cc(OCCN5CCCC5)c(OC)cc34)cn2)c1,7.0,active
CHEMBL1940113,COc1cccc(NC(=O)Cn2cc(Oc3ncnc4cc(OC)cc(OC)c34)cn2)c1,30.0,active
CHEMBL1940114,COc1cccc(NC(=O)Cn2cc(Oc3ccnc4cc(OC)c(C#N)cc34)cn2)c1,282.0,active
CHEMBL1940115,COc1cccc(NC(=O)Cn2cc(Oc3ccnc4cc(OC)c(OC)cc34)cn2)c1,57.0,active
CHEMBL1940116,CCn1cc(NC(=O)Cn2cc(Oc3ncnc4cc(OC)c(OC)cc34)cn2)cn1,35.0,active
CHEMBL1940117,CCn1cc(NC(=O)Cc2cc(Oc3ccnc4cc(OC)c(OC)cc34)n[nH]2)cn1,10000.0,inactive
CHEMBL1940118,COc1cc2ncnc(Oc3ccc(CC(=O)Nc4ccc(N(C)C)cn4)cc3)c2cc1OC,22.0,active
CHEMBL1940259,COc1cccc(NC(=O)Cc2ccc(Oc3ncnc4cc(OC)c(OC)cc34)cc2)c1,8.0,active
CHEMBL1940260,COc1cccc(NC(=O)Cc2ccc(Nc3ncnc4cc(OC)c(OC)cc34)cc2)c1,175.0,active
CHEMBL1940261,COc1cccc(NC(=O)Cc2cccc(Oc3ncnc4cc(OC)c(OC)cc34)c2)c1,1009.0,intermediate
CHEMBL1940262,COc1cccc(NC(=O)NCc2ccc(Oc3ncnc4cc(OC)c(OC)cc34)cc2)c1,177.0,active
CHEMBL1940263,COc1cccc(S(=O)(=O)NCc2ccc(Oc3ncnc4cc(OC)c(OC)cc34)cc2)c1,10000.0,inactive
CHEMBL1940264,COc1cccc(C(=O)NCc2ccc(Oc3ncnc4cc(OC)c(OC)cc34)cc2)c1,6144.0,intermediate
CHEMBL1940265,COc1cccc(CNC(=O)c2ccc(Oc3ncnc4cc(OC)c(OC)cc34)cc2)c1,3063.0,intermediate
CHEMBL1940266,COc1cccc(CC(=O)Nc2ccc(Oc3ncnc4cc(OC)c(OC)cc34)cc2)c1,209.0,active
CHEMBL1940267,COc1cccc(COc2ccc(Oc3ncnc4cc(OC)c(OC)cc34)cc2)c1,128.0,active
CHEMBL1940268,CCc1cc(NC(=O)Cc2ccc(Oc3ncnc4cc(OC)c(OC)cc34)cc2)n[nH]1,5.0,active
CHEMBL1940269,CCn1ccc(NC(=O)Cc2ccc(Oc3ncnc4cc(OC)c(OC)cc34)cc2)n1,172.0,active
CHEMBL1940270,COc1cc2ncnc(Oc3ccc(CC(=O)Nc4cn[nH]c4)cc3)c2cc1OC,10000.0,inactive
CHEMBL1940271,COc1cc2ncnc(Oc3ccc(CC(=O)Nc4cnn(C)c4)cc3)c2cc1OC,667.0,active
CHEMBL1940272,CCn1cc(NC(=O)Cc2ccc(Oc3ncnc4cc(OC)c(OC)cc34)cc2)cn1,29.0,active
CHEMBL1940273,CCn1cc(NC(=O)Cc2ccc(Oc3ccnc4cc(OC)c(OC)cc34)cc2)cn1,12.0,active
CHEMBL1940274,COc1cc2ncnc(Oc3ccc(CC(=O)Nc4cnn(C(C)C)c4)cc3)c2cc1OC,8.0,active
CHEMBL1940275,COc1cc2ncnc(Nc3ccc(CC(=O)Nc4cnn(C(C)C)c4)cc3)c2cc1OC,485.0,active
CHEMBL1957190,CC(C)n1c2c(c3c1-c1ccccc1C3=O)C(=O)CCC2,35000.0,inactive
CHEMBL6246,O=c1oc2c(O)c(O)cc3c(=O)oc4c(O)c(O)cc1c4c23,1540.0,intermediate
CHEMBL2046883,Cc1ccc(NC(=O)Nc2nnc(Sc3ncnc4cc(OCCCN5CCOCC5)ccc34)s2)cc1,3700.0,intermediate
CHEMBL2064666,COc1c(Nc2ncc(Cl)c(N[C@H]3[C@@H](C(N)=O)[C@@H]4C=C[C@H]3C4)n2)ccc2c1CC[C@@H](N1CCOCC1)CC2,48.0,active
CHEMBL2086760,CCN1CCC(Nc2ccc3c(c2)C(=C(c2ccc(Cl)cc2)c2ncc[nH]2)C(=O)N3)CC1,3.2,active
CHEMBL2151321,CC(C)Oc1cc(-n2cnc3ccc(N[C@@H](C)c4ccc(F)cn4)nc32)n[nH]1,64.0,active
CHEMBL2180604,Cc1cc(C(=O)Nc2cc(Oc3ccc4nc(NC(=O)C5CC5)cn4n3)ccc2C)n(C)n1,1.1,active
CHEMBL572881,CC1(C)CNc2cc(NC(=O)c3cccnc3NCc3ccncc3)ccc21,6.0,active
CHEMBL2079588,CNC(=O)c1cc(COc2nnc(Nc3ccc(Cl)cc3)c3ccoc23)ccn1,4.0,active
CHEMBL2180605,CNC(=O)c1cccc2cc(Oc3ccnc4cc(OCC5(N)CC5)c(OC)cc34)ccc12.Cl,10.0,active
CHEMBL1289601,COc1cc2nccc(Oc3ccc(NC(=O)NC4CC4)c(Cl)c3)c2cc1C(N)=O,5.2,active
CHEMBL1289494,COc1cc2nccc(Oc3ccc(NC(=O)Nc4cc(C)on4)c(Cl)c3)c2cc1OC,0.24,active
CHEMBL1230609,COc1cc2c(Oc3ccc(NC(=O)C4(C(=O)Nc5ccc(F)cc5)CC4)cc3F)ccnc2cc1OCCCN1CCOCC1,2.8,active
CHEMBL491473,COc1cc2c(Oc3ccc4[nH]c(C)cc4c3F)ncnc2cc1OCCCN1CCCC1,3.0,active
CHEMBL2208034,O=C(Nc1ccc(-c2ccnc(Nc3ccc(N4CCOCC4)cc3)n2)cc1)[C@H]1CCCN1,554.5,active
CHEMBL2333163,O=C(NCCc1ccc(O)c(Br)c1)/C(Cc1cc(Br)c(O)c(Oc2ccc(CCNC(=O)/C(Cc3cc(Br)c(O)c(-c4cc(C/C(=N\O)C(=O)NCCc5ccc(O)c(Br)c5)cc(Br)c4O)c3)=N/O)cc2Br)c1)=N/O,1600.0,intermediate
CHEMBL505637,O=C(NCCc1ccc(O)c(Br)c1)/C(Cc1cc(Br)c(O)c(-c2cc(C/C(=N/O)C(=O)NCCc3ccc(O)c(Br)c3)cc(Br)c2O)c1)=N\O,2800.0,intermediate
CHEMBL360190,O=C1N/C=C/c2ccc(c(Br)c2)Oc2cc(cc(Br)c2O)CCNC(=O)/C(=N/O)Cc2ccc(c(Br)c2)Oc2cc(cc(Br)c2O)C/C1=N\O,3200.0,intermediate
CHEMBL2332119,NC(=O)C1=C(N)C(=O)C=C(Nc2ccccc2O)C1=O,1.8,active
CHEMBL2380834,O=C(Nc1ccc(Nc2ccnc3[nH]c(=O)c4ccccc4c23)cc1)c1ccc(F)cc1C(F)(F)F,867.0,active
CHEMBL2380845,O=C(Nc1ccc(Nc2ccnc3[nH]c(=O)c4ccccc4c23)cc1)c1ccccc1,417.0,active
CHEMBL2180602,CCN(CC)CCNC(=O)c1c(C)[nH]c2c1CCC/C2=C1/C(=O)Nc2ccc(F)cc21,1.3,active
CHEMBL2443026,CN(C)c1ccc(Oc2cc(O)cc(O)c2-c2cc(C(=O)NC3CCN(C4CCC5(CC4)OCCO5)CC3)no2)cc1,10.0,active
CHEMBL2443139,CC(C)Nc1ccc(Oc2cc(O)cc(O)c2-c2cc(C(=O)NC3CCN(C)CC3)no2)cc1,10.0,active
CHEMBL2443138,CN1CCC(NC(=O)c2cc(-c3c(O)cc(O)cc3Oc3ccc(N(C)C)cc3)on2)CC1,10.0,active
CHEMBL2443044,CN1CCC(NC(=O)c2cc(-c3c(O)cc(O)cc3Oc3ccc([N+](=O)[O-])cc3)on2)CC1,10.0,active
CHEMBL3116050,C[C@H](Nc1nc(Nc2cn(C)cn2)c2cc[nH]c2n1)c1ncc(F)cn1,40.0,active
CHEMBL3298400,CC(C)(C)CNC(=O)CC1CNC(=O)c2cc(-c3ccsc3)cn21,10000.0,inactive
CHEMBL3297762,CN1CCN(C[C@@H](NC(=O)C[C@H]2CNC(=O)c3cc(-c4cccc(Cl)c4)cn32)C2CCCCC2)CC1,10000.0,inactive
CHEMBL3355065,CNc1cc2ccc(C#CCOc3ccc(CN4CCNCC4)c(C(F)(F)F)c3)cc2cn1,30.0,active
CHEMBL3361128,O=C1/C(=C\c2ccc(O)c(O)c2)Oc2ccccc21,5190.0,intermediate
CHEMBL3309990,Nc1nc2c3c(F)cccc3nc(Cc3ccc4c(c3)OCO4)n2n1,10000.0,inactive
CHEMBL3309995,Nc1ccc2c(c1)nc(Cc1ccc3c(c1)OCO3)n1nc(N)nc21,10000.0,inactive
CHEMBL3309997,OCCCNc1ccc2c(c1)nc(-c1ccc3c(c1)OCO3)n1ncnc21,10000.0,inactive
CHEMBL3309998,Nc1nc2c3ccc(NCCO)cc3nc(Cc3ccc4c(c3)OCO4)n2n1,10000.0,inactive
CHEMBL3310151,CN1CCN(c2cc(F)c3c(c2)nc(Cc2ccc4c(c2)OCO4)n2nc(N)nc32)CC1,10000.0,inactive
CHEMBL3358966,COc1cc(-c2nc(-c3c[nH]c4ccccc34)c[nH]c2=O)cc(OC)c1OC,5000.0,intermediate
CHEMBL3301607,O=C(Nc1nc2cccc(-c3ccc(CN4CCS(=O)(=O)CC4)cc3)n2n1)C1CC1,274.0,active
CHEMBL3039504,CCS(=O)(=O)O.COC(=O)c1ccc2c(c1)NC(=O)/C2=C(\Nc1ccc(N(C)C(=O)CN2CCN(C)CC2)cc1)c1ccccc1,13.0,active
CHEMBL3426917,[2H]C([2H])([2H])Oc1cc2nccc(Oc3ccc(NC(=O)Nc4cc(C)on4)c(Cl)c3)c2cc1OC([2H])([2H])[2H],4.55,active
CHEMBL3586404,CO[C@H]1CC[C@H](N2C(=O)CNc3ncc(-c4ccc(C(C)(C)O)nc4)nc32)CC1,651.0,active
CHEMBL3623375,CN(C)CCCNC(=O)c1csc2nc(-c3ccc(NC(=O)Nc4cc(C(C)(C)C)on4)cc3)cn12,1188.0,intermediate
CHEMBL3628797,O=C(Nc1ccc(Nc2ncnc3ccccc23)cc1)Nc1cccc(Br)c1,47.0,active
CHEMBL3628798,O=C(Nc1ccc(Nc2ncnc3sccc23)cc1)Nc1cccc(Br)c1,1980.0,intermediate
CHEMBL3628799,O=C(Nc1ccc(Nc2ncnc3sc4c(c23)CCCC4)cc1)Nc1cccc(Br)c1,420.0,active
CHEMBL2018882,COc1cc2ncnc(Oc3ccc(NC(=O)Nc4cccc(Br)c4)cc3)c2cc1OC,9.0,active
CHEMBL3628807,O=C(Nc1ccc(Oc2ncnc3ccccc23)cc1)Nc1cccc(Br)c1,7.0,active
CHEMBL3628808,O=C(Nc1ccc(Oc2ncnc3sccc23)cc1)Nc1cccc(Br)c1,6.0,active
CHEMBL3628811,O=C(Nc1ccc(Oc2ncnc3sc4c(c23)CCCC4)cc1)Nc1cccc(Br)c1,1020.0,intermediate
CHEMBL3741589,O=C(O)C1CN(Cc2ccc(OCc3ccc(Cl)c(Cl)c3)cc2)C1,10000.0,inactive
CHEMBL3745885,Cn1c(=O)c(S(=O)(=O)c2ccc(F)cc2F)cc2cnc(Nc3ccc4[nH]ccc4c3)nc21,10000.0,inactive
CHEMBL3753341,CC(C)n1nc(-c2cc(C3CC3)on2)c2c(N)ncnc21,72.0,active
CHEMBL3764474,Cn1ccnc1-c1cc2c(Oc3ccc(NC(=S)NC(=O)Cc4ccccc4)cc3F)ccnc2s1,4.0,active
CHEMBL3765306,CC1=[N+](c2ccccc2)C(=O)C(C(=O)Nc2ccc(Oc3ccc4nc(NC(=O)C5CC5)cn4c3)c(F)c2)C=C1.Cl,5.5,active
CHEMBL3799275,CN1CCN(c2ccc(-c3cnc4ccccc4c3)cc2NC(=O)c2c[nH]c(=O)cc2C(F)(F)F)CC1,600.0,active
CHEMBL1983268,CN1CCN(c2ccc(C(=O)Nc3n[nH]c4ccc(Cc5cc(F)cc(F)c5)cc34)c(NC3CCOCC3)c2)CC1,1000.0,active
CHEMBL3818247,CN1C(=O)COc2c1cnc1ccc(Sc3nnc4c(F)cc(-c5cnn(C)c5)cn34)cc21,30000.0,inactive
CHEMBL3939307,CNC(=O)c1ccccc1Sc1ccc2c(CCc3ccccn3)n[nH]c2c1,0.1,active
CHEMBL3644860,CCn1c(N)c(C(=O)NC)c(=O)c2ccc(C#CC(C)(C)O)nc21,23.0,active
CHEMBL3644861,CCn1c(N)c(C(=O)NC)c(=O)c2ccc(C#CC3(O)CCCC3)nc21,46.0,active
CHEMBL3644862,CCn1c(N)c(C(=O)NC)c(=O)c2ccc(C#CC(O)C3CC3)nc21,37.0,active
CHEMBL3644863,CCn1c(N)c(C(=O)NC)c(=O)c2ccc(C#CC3(O)CCC3)nc21,21.0,active
CHEMBL3644864,CNC(=O)c1c(N)n(CCOC)c2nc(C#CC(C)(O)COC)ccc2c1=O,257.0,active
CHEMBL3644865,CCn1c(N)c(C(=O)NC)c(=O)c2ccc(C#CC(C)(O)c3cccc(OC)c3)nc21,6.0,active
CHEMBL3644866,CNC(=O)c1c(N)n(C2CCOCC2)c2nc(C#CC(C)(O)COC)ccc2c1=O,34.0,active
CHEMBL3644867,CNC(=O)c1c(N)n(CC2CCCO2)c2nc(C#CC(C)(C)O)ccc2c1=O,40.0,active
CHEMBL3644868,CNC(=O)c1c(N)n(Cc2ccccn2)c2nc(C#CC(C)(O)COC)ccc2c1=O,65.0,active
CHEMBL3644869,CCn1c(N)c(C(=O)NC)c(=O)c2ccc(C#CC(C)(O)CO)nc21,43.0,active
CHEMBL3644870,CCn1c(N)c(C(=O)NC)c(=O)c2ccc(C#CC(C)(O)c3ccccc3)nc21,14.0,active
CHEMBL3644871,CNC(=O)c1c(N)n(C2CCCCC2)c2nc(C#CC(C)(O)COC)ccc2c1=O,5.0,active
CHEMBL3644872,CCn1c(N)c(C(=O)NC)c(=O)c2ccc(C#CC(C)(O)COC)nc21,23.0,active
CHEMBL3644873,CCn1c(N)c(C(=O)NC)c(=O)c2ccc(C#CC(C)(O)c3ccsc3)nc21,2.0,active
CHEMBL3689069,COc1cc(N2CCNCC2)ccc1Nc1ncc(C(F)(F)F)c(CCc2ccccc2CC(N)=O)n1,275.0,active
CHEMBL3689070,COc1cc(C2CCNCC2)ccc1Nc1ncc(C(F)(F)F)c(CCc2ccccc2CC(N)=O)n1,3685.0,intermediate
CHEMBL3689071,COc1cc(C2CCN(C)CC2)ccc1Nc1ncc(C(F)(F)F)c(CCc2ccccc2CC(N)=O)n1,538.0,active
CHEMBL3689073,COc1cc(C2CCNCC2)ccc1Nc1ncc(C(F)(F)F)c(CCc2cccc(C(N)=O)c2)n1,5750.0,intermediate
CHEMBL3689074,COc1cc(C2CCN(C)CC2)ccc1Nc1ncc(C(F)(F)F)c(CCc2cccc(C(N)=O)c2)n1,10440.0,inactive
CHEMBL3689075,CCN1CCC(c2ccc(Nc3ncc(C(F)(F)F)c(Cc4ccccc4C(N)=O)n3)c(OC)c2)CC1,13260.0,inactive
CHEMBL3689076,CCc1cc(C2CCNCC2)ccc1Nc1ncc(C(F)(F)F)c(CCc2ccccc2CC(N)=O)n1,1176.0,intermediate
CHEMBL3689077,CCc1cc(C2CCN(C)CC2)ccc1Nc1ncc(C(F)(F)F)c(CCc2ccccc2CC(N)=O)n1,1010.0,intermediate
CHEMBL3689078,NC(=O)Cc1ccccc1CCc1nc(Nc2ccc(C3CCNCC3)cc2OC(F)(F)F)ncc1C(F)(F)F,66000.0,inactive
CHEMBL3689079,CN1CCC(c2ccc(Nc3ncc(C(F)(F)F)c(CCc4ccccc4CC(N)=O)n3)c(OC(F)(F)F)c2)CC1,59763.0,inactive
CHEMBL3689080,Cc1cc(C2CCN(C)CC2)ccc1Nc1ncc(C(F)(F)F)c(CCc2ccccc2CC(N)=O)n1,240.0,active
CHEMBL3689081,CN1CCC(c2ccc(Nc3ncc(C(F)(F)F)c(CCc4ccccc4CC(N)=O)n3)c(F)c2)CC1,205.0,active
CHEMBL3946227,CCC(C(N)=O)c1ccccc1CCc1nc(Nc2ccc(C3CCNCC3)cc2)ncc1C(F)(F)F,91.0,active
CHEMBL4107713,CC[C@@H](C(N)=O)c1ccccc1CCc1nc(Nc2ccc(C3CCNCC3)cc2)ncc1C(F)(F)F,103.0,active
CHEMBL3918323,CC[C@H](C(N)=O)c1ccccc1CCc1nc(Nc2ccc(C3CCNCC3)cc2)ncc1C(F)(F)F,75.0,active
CHEMBL3909401,NC(=O)C1(c2ccccc2CCc2nc(Nc3ccc(C4CCNCC4)cc3)ncc2C(F)(F)F)CC1,10.0,active
CHEMBL3948670,CN1CCC(c2ccc(Nc3ncc(C(F)(F)F)c(CCc4ccccc4C4(C(N)=O)CC4)n3)cc2)CC1,9.0,active
CHEMBL3903877,NC(=O)C1(c2ccccc2CCc2nc(Nc3ccc(C4CNC4)cc3)ncc2C(F)(F)F)CC1,22.0,active
CHEMBL3931458,NC(=O)C1(c2ccccc2CCc2nc(Nc3ccc(C4CCNCC4)nc3)ncc2C(F)(F)F)CC1,28.0,active
CHEMBL3922174,NC(=O)C1(c2ccccc2CCc2nc(Nc3cccnc3)ncc2Cl)CC1,8.0,active
CHEMBL3917694,NC(=O)C1(c2ccccc2CCc2nc(Nc3ccc(C4CCNCC4)cc3)ncc2Cl)CC1,10.0,active
CHEMBL3893200,CN1CCC(c2ccc(Nc3ncc(Cl)c(CCc4ccccc4C4(C(N)=O)CC4)n3)cc2)CC1,10.0,active
CHEMBL3908745,NC(=O)C1(c2ccccc2CCc2nc(Nc3ccc(C(F)(F)F)nc3)ncc2Cl)CC1,26.0,active
CHEMBL3903244,NC(=O)C1(c2ccccc2CCc2nc(Nc3ncco3)ncc2Cl)CC1,1302.0,intermediate
CHEMBL3970850,NC(=O)C1(c2ccccc2CCc2nc(Nc3cncnc3)ncc2Cl)CC1,39.0,active
CHEMBL3918309,Cn1cc(Nc2ncc(Cl)c(CCc3ccccc3C3(C(N)=O)CC3)n2)cn1,4.0,active
CHEMBL3963494,NC(=O)C1(c2ccccc2CCc2nc(Nc3cnn(C4CNC4)c3)ncc2Cl)CC1,6.0,active
CHEMBL3980022,NC(=O)C1(c2ccccc2CCc2nc(Nc3ccc(C4CCNCC4)nc3)ncc2Cl)CC1,11.0,active
CHEMBL3891581,CN1CCC(c2ccc(Nc3ncc(Cl)c(CCc4ccccc4C4(C(N)=O)CC4)n3)cn2)CC1,1.0,active
CHEMBL3954050,NC(=O)C1(c2ccccc2CCc2nc(Nc3cnn(C4CCNCC4)c3)ncc2Cl)CC1,9.0,active
CHEMBL3982717,CN1CCC(n2cc(Nc3ncc(Cl)c(CCc4ccccc4C4(C(N)=O)CC4)n3)cn2)CC1,3.0,active
CHEMBL3959306,NC(=O)C1(c2ccccc2CCc2nc(Nc3cn[nH]c3)ncc2Cl)CC1,3.0,active
CHEMBL3893827,NC(=O)C1(c2ccccc2CCc2nc(Nc3cnn(C4CCNC4)c3)ncc2Cl)CC1,7.0,active
CHEMBL3970373,CN1CCC(n2cc(Nc3ncc(Cl)c(CCc4ccccc4C4(C(N)=O)CC4)n3)cn2)C1,7.0,active
CHEMBL3899188,NC(=O)C1(c2ccccc2CCc2nc(Nc3ccnnc3)ncc2Cl)CC1,20.0,active
CHEMBL3981765,NC(=O)C1(c2ccccc2CCc2nc(Nc3ccccc3)ncc2Cl)CC1,11.0,active
CHEMBL3908239,CC(NC(=O)OC(C)(C)C)c1ccc(Nc2ncc(Cl)c(CCc3ccccc3C3(C(N)=O)CC3)n2)cc1,2.0,active
CHEMBL3890328,CC(N)c1ccc(Nc2ncc(Cl)c(CCc3ccccc3C3(C(N)=O)CC3)n2)cc1,14.0,active
CHEMBL3918369,Cc1n[nH]cc1Nc1ncc(Cl)c(CCc2ccccc2C2(C(N)=O)CC2)n1,7.0,active
CHEMBL3925575,Cc1nn(C)cc1Nc1ncc(Cl)c(CCc2ccccc2C2(C(N)=O)CC2)n1,12.0,active
CHEMBL3937825,Cc1cc(Nc2ncc(Cl)c(CCc3ccccc3C3(C(N)=O)CC3)n2)n[nH]1,47.0,active
CHEMBL3912708,Cn1ccc(Nc2ncc(Cl)c(CCc3ccccc3C3(C(N)=O)CC3)n2)n1,268.0,active
CHEMBL3938170,NC(=O)C1(c2ccccc2CCc2nc(Nc3cnn(CC(F)(F)F)c3)ncc2Cl)CC1,8.0,active
CHEMBL3911152,CC(C)n1cc(Nc2ncc(Cl)c(CCc3ccccc3C3(C(N)=O)CC3)n2)cn1,4.0,active
CHEMBL3948616,[C-]#[N+]c1ccc(Nc2ncc(Cl)c(CCc3ccccc3C3(C(N)=O)CC3)n2)cn1,48.0,active
CHEMBL3920100,CC(=O)c1ccc(Nc2ncc(Cl)c(CCc3ccccc3C3(C(N)=O)CC3)n2)cn1,44.0,active
CHEMBL3986325,CC(N)c1ccc(Nc2ncc(Cl)c(CCc3ccccc3C3(C(N)=O)CC3)n2)cn1,60.0,active
CHEMBL3891977,NC(=O)C1(c2ccccc2CCc2nc(Nc3cnn(CC(F)F)c3)ncc2Cl)CC1,7.0,active
CHEMBL3960972,CC(C(N)=O)c1ccccc1CCc1nc(Nc2cn[nH]c2)ncc1Cl,9.0,active
CHEMBL3933224,CC(C(N)=O)c1ccccc1CCc1nc(Nc2cnn(C)c2)ncc1Cl,16.0,active
CHEMBL3957259,CC(C(N)=O)c1ccccc1CCc1nc(Nc2ccc(C3CCNCC3)nc2)ncc1Cl,31.0,active
CHEMBL3892658,CC(C(N)=O)c1ccccc1CCc1nc(Nc2ccc(C3CCN(C)CC3)nc2)ncc1Cl,32.0,active
CHEMBL3971001,CC(C(N)=O)c1ccccc1CCc1nc(Nc2cccnc2)ncc1Cl,44.0,active
CHEMBL3981693,CC(C(N)=O)c1ccccc1CCc1nc(Nc2cncnc2)ncc1Cl,160.0,active
CHEMBL3915153,Cc1ccc(Nc2ncc(Cl)c(CCc3ccccc3C(C)C(N)=O)n2)cn1,45.0,active
CHEMBL3976872,CC(C(N)=O)c1ccccc1CCc1nc(Nc2ccnnc2)ncc1Cl,154.0,active
CHEMBL3906184,CC(C(N)=O)c1ccccc1CCc1nc(Nc2cnn(C3CCNCC3)c2)ncc1Cl,12.0,active
CHEMBL3970712,CC(C(N)=O)c1ccccc1CCc1nc(Nc2cnn(C3CCN(C)CC3)c2)ncc1Cl,9.0,active
CHEMBL3981577,Cn1cc(Nc2ncc(Cl)c(CCc3ccccc3C(C)(C)C(N)=O)n2)cn1,3.0,active
CHEMBL3949389,Cc1cnc(Nc2cn[nH]c2)nc1CCc1ccccc1C1(C(N)=O)CC1,13.0,active
CHEMBL3973562,Cc1cnc(Nc2cnn(C)c2)nc1CCc1ccccc1C1(C(N)=O)CC1,5.0,active
CHEMBL3944075,Cc1cnc(Nc2cnn(C3CCN(C)CC3)c2)nc1CCc1ccccc1C1(C(N)=O)CC1,12.0,active
CHEMBL3926124,Cc1cnc(Nc2ccc(C3CCN(C)CC3)nc2)nc1CCc1ccccc1C1(C(N)=O)CC1,23.0,active
CHEMBL3901596,Cc1cnc(Nc2ccc(C(C)N)cc2)nc1CCc1ccccc1C1(C(N)=O)CC1,46.0,active
CHEMBL3986746,Cc1cnc(Nc2cnn(C)c2)nc1CCc1ccccc1C(C)C(N)=O,15.0,active
CHEMBL4114236,Cc1cnc(Nc2cnn(C)c2)nc1CCc1ccccc1[C@@H](C)C(N)=O,25.0,active
CHEMBL3913700,Cc1cnc(Nc2cnn(C)c2)nc1CCc1ccccc1[C@H](C)C(N)=O,41.0,active
CHEMBL4113489,O=C(O)C1(c2ccccc2CCc2nc(Nc3ccc(C4CCNCC4)cc3)ncc2C(F)(F)F)CCC1,23.0,active
CHEMBL3916024,NC(=O)C1(c2cccc(CCc3nc(Nc4cnn(C5CCNCC5)c4)ncc3C(F)(F)F)c2)CC1,228.0,active
CHEMBL3946260,CC(C(N)=O)c1ccccc1CCc1nc(Nc2cn[nH]c2)ncc1C(F)(F)F,17.0,active
CHEMBL3975577,CC(C(N)=O)c1ccccc1CCc1nc(Nc2cnn(C)c2)ncc1C(F)(F)F,15.0,active
CHEMBL3950340,CC(C(N)=O)c1ccccc1CCc1nc(Nc2cnn(C3CCNCC3)c2)ncc1C(F)(F)F,27.0,active
CHEMBL4112177,C[C@@H](C(N)=O)c1ccccc1CCc1nc(Nc2cnn(C3CCNCC3)c2)ncc1C(F)(F)F,31.0,active
CHEMBL3892144,C[C@H](C(N)=O)c1ccccc1CCc1nc(Nc2cnn(C3CCNCC3)c2)ncc1C(F)(F)F,93.0,active
CHEMBL3900906,CC(C(N)=O)c1ccccc1CCc1nc(Nc2cnn(C3CCN(C)CC3)c2)ncc1C(F)(F)F,27.0,active
CHEMBL3967214,CC(=O)N1CCC(n2cc(Nc3ncc(C(F)(F)F)c(CCc4ccccc4C(C)C(N)=O)n3)cn2)CC1,22.0,active
CHEMBL3970470,CCN1CCC(n2cc(Nc3ncc(C(F)(F)F)c(CCc4ccccc4C(C)C(N)=O)n3)cn2)CC1,86.0,active
CHEMBL3938601,CC(C(N)=O)c1ccccc1CCc1nc(Nc2cnn(C3CCN(C(C)C)CC3)c2)ncc1C(F)(F)F,89.0,active
CHEMBL3968164,COc1ccc(Nc2ncc(C(F)(F)F)c(CCc3ccccc3C(C)C(N)=O)n2)cn1,118.0,active
CHEMBL3918715,CN(c1ccc(C2CCNCC2)nc1)c1ncc(C(F)(F)F)c(CCc2ccccc2C(N)C(N)=O)n1,492.0,active
CHEMBL3938508,CC(C(N)=O)c1ccccc1CCc1nc(Nc2ccc(C3CCN(C)CC3)nc2)ncc1C(F)(F)F,28.0,active
CHEMBL3963900,COc1ccc(Nc2ncc(C(F)(F)F)c(CCc3ccccc3C3(C(N)=O)CC3)n2)cn1,8.0,active
CHEMBL3898744,Cn1cc(Nc2ncc(C(F)(F)F)c(CCc3ccccc3C3(C(N)=O)CC3)n2)cn1,3.0,active
CHEMBL3907640,NC(=O)C1(c2ccccc2CCc2nc(Nc3cnn(C4CCNCC4)c3)ncc2C(F)(F)F)CC1,7.0,active
CHEMBL3928029,CN1CCC(n2cc(Nc3ncc(C(F)(F)F)c(CCc4ccccc4C4(C(N)=O)CC4)n3)cn2)CC1,7.0,active
CHEMBL3892145,CN1CCC(c2ccc(Nc3ncc(C(F)(F)F)c(CCc4ccccc4C4(C(N)=O)CC4)n3)cn2)CC1,63.0,active
CHEMBL3983276,CC(NC(=O)OC(C)(C)C)c1ccc(Nc2ncc(C(F)(F)F)c(CCc3ccccc3C3(C(N)=O)CC3)n2)cc1,64.0,active
CHEMBL3892486,CC(N)c1ccc(Nc2ncc(C(F)(F)F)c(CCc3ccccc3C3(C(N)=O)CC3)n2)cc1,22.0,active
CHEMBL3913725,CC(=O)NC(C)c1ccc(Nc2ncc(C(F)(F)F)c(CCc3ccccc3C3(C(N)=O)CC3)n2)cc1,10.0,active
CHEMBL3931510,NC(=O)C1(c2ccccc2CCc2nc(Nc3cnn(CCO)c3)ncc2Cl)CC1,4.0,active
CHEMBL3894588,COCCn1cc(Nc2ncc(Cl)c(CCc3ccccc3C3(C(N)=O)CC3)n2)cn1,3.0,active
CHEMBL4110384,C[C@@H](C(N)=O)c1ccccc1CCc1nc(Nc2cnn(C3CCN(C)CC3)c2)ncc1C(F)(F)F,38.0,active
CHEMBL3895625,C[C@H](C(N)=O)c1ccccc1CCc1nc(Nc2cnn(C3CCN(C)CC3)c2)ncc1C(F)(F)F,19.0,active
CHEMBL253969,NC(=O)c1c(OCc2c(F)cc(Br)cc2F)nsc1NC(=O)NCCCCN1CCCC1,54.2,active
CHEMBL4069394,COC(=O)c1ccc2c(c1)NC(=O)/C2=C(\Nc1ccc(-n2cccc2CN(C)C)cc1)c1ccccc1,9.6,active
CHEMBL2220486,CNC(=O)c1cccc2cc(Oc3ccnc4cc(OCC5(N)CC5)c(OC)cc34)ccc12,10.0,active
CHEMBL4099337,COc1cc(O)c2c(c1)CCC[C@H](O)[C@H](O)C(=O)CCC[C@H](C)OC2=O,114.5,active
CHEMBL2012519,COc1cc(O)c2c(c1)CCC[C@H](O)[C@H](O)C(=O)/C=C\C[C@H](C)OC2=O,1.13,active
CHEMBL4072731,Cc1cc(NC(=O)Nc2ccc(-c3ccnc4[nH]nc(C)c34)cc2)ccc1N1CCOCC1,72.0,active
CHEMBL4103605,Cc1cccc(NC(=O)Nc2ccc(-c3ccnc4[nH]nc(C)c34)cc2)c1,376.0,active
CHEMBL4068509,C=CC(=O)N1CCN(CCCn2c(=O)c(-c3c(Cl)c(OC)cc(OC)c3Cl)cc3cnc(NC)nc32)CC1,410.0,active
CHEMBL4063500,CN(C)C(=O)c1cc2cnc(Nc3ccc(NC(=O)CCCCCCC(=O)NO)cc3)nc2n1C1CCCC1,43.0,active
CHEMBL4101411,CC(C)(C)c1cc(NC(=O)Nc2ccc(-n3nc(-c4ccc(OCCN5CCOCC5)cc4)c4c(N)ncnc43)cc2)no1,141.0,active
CHEMBL4165429,COC(=O)c1ccc2c(c1)NC(=O)/C2=C(\Nc1ccc2[nH]c(C(=O)N3CCN(C)CC3)cc2c1)c1ccccc1,18.2,active
CHEMBL4171543,C=CC(=O)Nc1ccc(-c2ccc(NC(=O)Nc3cccc(Cl)c3)cc2)cn1,45.0,active
CHEMBL4160854,Nc1n[nH]c2cccc(-c3ccc(NC(=S)Nc4cc(Br)ccc4OC(F)(F)F)cc3)c12,37.0,active
CHEMBL4075720,CN1CCN(Cc2ccc(NC(=O)c3n[nH]cc3Nc3ncnc4sccc34)cc2)CC1,4.5,active
CHEMBL4163870,Cc1nc2c(c(Nc3c[nH]nc3C(=O)Nc3ccc(N4CCNCC4)cc3)n1)CCC2,23.01,active
CHEMBL4204920,CCCNC(=O)c1cc(Oc2ccc(NC(=O)c3cc4cccnc4n(-c4ccc(F)cc4)c3=O)cc2)ccn1,23.6,active
CHEMBL4212117,Cc1c2ccc(N(C)c3ccnc(Nc4ccc(C(=O)NCCCCCCC(=O)NO)cc4)n3)cc2nn1C,113.0,active
CHEMBL4213341,Cc1c2ccc(N(C)c3ccnc(Nc4ccc(C(=O)Nc5ccccc5N)cc4)n3)cc2nn1C,46.0,active
CHEMBL4245507,O=C(Cc1cccc(OCCCN2CCNCC2)c1)Nc1nc(-c2ccncc2)cs1,1000.0,active
CHEMBL4281823,CCn1cc(-c2ccc3c(c2)CCN3C(=O)Cc2cccc(OC(F)(F)F)c2)c2c(N)ncnc21,20.0,active
CHEMBL4279457,COc1cc2c(Oc3ccc(NC(=O)c4cc5cccnc5n(-c5ccc(F)cc5)c4=O)cc3F)ccnc2cc1OCCCN1CCN(C)CC1,183.1,active
CHEMBL1289926,CNC(=O)c1ccccc1Sc1ccc2c(/C=C/c3ccccn3)n[nH]c2c1,0.1,active
CHEMBL2105717,COc1cc2nccc(Oc3ccc(NC(=O)C4(C(=O)Nc5ccc(F)cc5)CC4)cc3)c2cc1OC,6.0,active
CHEMBL4447631,Cc1cnc(Nc2ccc(N3CCC(N(C)CCO)CC3)c(F)c2)nc1-c1cnn(C(C)C)c1,8.0,active
CHEMBL4539051,COc1cccc(NC(=O)N2CCCc3cc(Nc4ncnc5cc(OC)c(OC)cc45)ccc32)c1,14.2,active
CHEMBL4589270,COc1cc2ncnc(Nc3ccc4c(c3)CCCN4C(=O)Nc3cccc(Cl)c3)c2cc1OC,7.8,active
CHEMBL4548316,COc1cc2ncnc(Nc3ccc4c(c3)CCCN4C(=O)Nc3ccc(C(C)=O)cc3)c2cc1OC,17.3,active
CHEMBL4471009,COc1cc(O)c2c(c1)-c1cccc(c1)[C@@H](O)[C@H](O)[C@@H](N)/C=C\C[C@H](C)OC2=O,10000.0,inactive
CHEMBL4520759,COc1cc(O)c2c(c1)-c1cccc(c1)[C@@H](O)[C@H](O)[C@H](O)/C=C\C[C@H](C)OC2=O,10000.0,inactive
CHEMBL4515000,COc1cc(O)c2c(c1)-c1cccc(c1)CCC(=O)/C=C\C[C@H](C)OC2=O,27.0,active
CHEMBL4515912,COc1cc(O)c2c(c1)-c1cccc(c1)[C@H](O)[C@@H](O)C(=O)CCC[C@H](C)OC2=O,190.0,active
CHEMBL4452766,COc1cc(O)c2c(c1)-c1cccc(c1)[C@H](O)[C@@H](O)C(=O)/C=C\C[C@H](C)OC2=O,9.2,active
CHEMBL4517550,COc1cc(O)c2c(c1)-c1cccc(c1)[C@@H](O)[C@H](O)C(=O)CCC[C@H](C)OC2=O,10000.0,inactive
CHEMBL4438318,C=C1/C=C\C[C@H](C)OC(=O)c2c(O)cc(OC)cc2-c2cccc(c2)[C@@H](O)[C@@H]1O,10000.0,inactive
CHEMBL4530473,COc1cc(O)c2c(c1)-c1cccc(c1)[C@@H](O)[C@H](O)C(=O)C/C=C/[C@H](C)OC2=O,9.9,active
CHEMBL4453304,COc1cc(O)c2c(c1)-c1cccc(c1)[C@@H](O)[C@H](O)C(=O)/C=C\C[C@H](C)OC2=O,1.1,active
CHEMBL4572320,COc1cc(O)c2c(c1)-c1cccc(c1)[C@H](O)[C@H](O)C(=O)CCC[C@H](C)OC2=O,5300.0,intermediate
CHEMBL4533447,COc1cc(O)c2c(c1)-c1cccc(c1)[C@H](O)[C@H](O)C(=O)/C=C\C[C@H](C)OC2=O,23.0,active
CHEMBL576982,CC(C)(C)c1cc(NC(=O)Nc2ccc(-c3cn4c(n3)sc3cc(OCCN5CCOCC5)ccc34)cc2)no1,4900.0,intermediate
CHEMBL4303275,CCn1c(N)c(C(=O)NC)c(=O)c2ccc(C#C[C@@](C)(O)COC)nc21,1.2,active
CHEMBL4475216,COC[C@@H](C)Nc1cc(NC(=O)N2CCCc3cc(CN4CCCCOC4=O)c(C=O)nc32)ncc1C#N,10000.0,inactive
CHEMBL4446681,CN(CCc1ccc(-c2ccccc2)cc1)Cc1cn(C)c2ccc(C(=O)Nc3ccc(F)cc3)cc12,100000.0,inactive
CHEMBL3109738,COc1cc2ncnc3c2cc1OCCCCCN(C)Cc1ccc(Br)cc1N3,11.0,active
CHEMBL4465918,O=C(CCCC(=O)N1C[C@@H](CCl)c2c1cc(O)c1ccccc21)N1C[C@@H](CCl)c2c1cc(O)c1ccccc21,4200.0,intermediate
CHEMBL4473548,C[C@@H]1CN(C(=O)CCCC(=O)N2C[C@@H](C)c3c2cc(O)c2ccccc32)c2cc(O)c3ccccc3c21,10000.0,inactive
CHEMBL4584949,Cn1cc(-c2ccc(F)cc2)c(=O)c2c(Nc3ccc(Oc4ccnc(NC(=O)C5CC5)c4)c(F)c3)nccc21,591.0,active
CHEMBL4634634,C[C@@H]1C[C@H]1C(=O)N1CCN(c2cnc(C#N)c(-c3cnn(C)c3)n2)C[C@H]1C,100000.0,inactive
CHEMBL4747900,CC(C)(O)COc1ccc2c(Oc3ccc(Nc4nccc5[nH]cc(-c6ccccc6)c(=O)c45)cc3F)ccnc2c1,116.0,active
CHEMBL4779315,COc1cc2nccc(Oc3ccc(NC(=O)C(OC(=O)c4ccc(F)cc4)C(C)(C)C)cc3F)c2cc1OC,540.0,active
CHEMBL4797840,CNC(=O)c1cc(-n2ccc3cc(NC(=O)Nc4ccc(N5CCN(C)CC5)c(C(F)(F)F)c4)ccc32)ccn1,95.7,active
CHEMBL4793380,CC(C)(C)c1cc(NC(=O)Nc2ccc(Nc3ncnc4c3OCCCN4)cc2)no1,6.0,active
CHEMBL4791998,Cl.O=C1Nc2ccc(F)cc2/C1=C1/Nc2ccccc2/C1=N\OCCN1CCNCC1,23.8,active
CHEMBL4799113,COCC/C(=N\S(=O)(=O)Cc1ccc(Cl)cc1)Nc1ccc(Oc2ccnc3cc(OCCCN4CCOCC4)c(OC)cc23)c(F)c1,358.0,active
CHEMBL4874448,CN1CCN(c2ccc(-c3cc4c(N5CCN(C(=O)Nc6ccc(Cl)c(C(F)(F)F)c6)CC5)ncnc4s3)cc2)CC1,110.4,active
CHEMBL3907057,Cc1cc(C)c(-n2ccn3nc(-c4cccnc4)cc23)cc1NC(=O)c1cc(C#N)cc(S(F)(F)(F)(F)F)c1,440.0,active
CHEMBL4088216,CN1C(=O)[C@@H](N2CCc3cn(Cc4ccccc4)nc3C2=O)COc2ccccc21,1000.0,active
CHEMBL4549667,CN1C(=O)[C@@H](N2CCc3c(nn(Cc4ccccc4)c3Br)C2=O)COc2ccccc21,1000.0,active
CHEMBL4097778,CN1C(=O)[C@@H](N2CCc3cn(CC4CCS(=O)(=O)CC4)nc3C2=O)COc2ccccc21,1000.0,active
CHEMBL5191468,O=C(NCCCNc1cc(-c2cn(-c3ccccc3)nc2-c2cccc(O)c2)ccn1)Nc1ccc(F)cc1,791.0,active
CHEMBL5176837,COc1cc2ncc(-c3cccc(NC4CCNC4)n3)n2cc1-c1cnn(C)c1,1.0,active
CHEMBL1946170,CNC(=O)c1cc(Oc2ccc(NC(=O)Nc3ccc(Cl)c(C(F)(F)F)c3)c(F)c2)ccn1,46.0,active
CHEMBL5201128,COc1cc2nccc(Oc3ccc(NC(=O)C4(C(=O)NC5CC5)CC4)c(Cl)c3)c2cc1C(N)=O,5.2,active
CHEMBL5201102,COC(=O)c1ccc2c(C(Nc3ccc(N(C)C(=O)CN4CCN(C)CC4)cc3)c3ccccc3)c(O)[nH]c2c1,4.0,active
CHEMBL5181357,O=C1c2ccc(-c3cnc4[nH]ccc4c3)cc2OCCN1Cc1ccc(F)cc1,30.0,active
CHEMBL3134157,Cc1cc(CS(=O)(=O)c2ccccc2)cc(OCc2ccc(CN3CCC[C@@H]3CO)cc2)c1,10000.0,inactive
CHEMBL5175977,Cc1cc(OCc2ccc(CN3CCC[C@@H]3CO)cc2)cc(CS(=O)(=O)c2ccccc2)c1Br,10000.0,inactive
CHEMBL3964954,Cn1cc(-c2ccc3c(c2)ncn3-c2cc(NS(=O)(=O)C3CC3)cc(-c3ccc(F)cc3F)c2)cn1,5.0,active
CHEMBL5280119,Nc1cc(Oc2ccc3c(C(=O)Nc4ccc(F)c(C(F)(F)F)c4)cccc3c2)ncn1,235.0,active
CHEMBL5276611,Nc1nccc(Oc2ccc3c(C(=O)Nc4ccc(F)c(C(F)(F)F)c4)cccc3c2)n1,177.0,active
CHEMBL4080062,O=C(Nc1cccc(C(F)(F)F)c1)c1cccc2cc(Oc3cc(CO)ncn3)ccc12,1100.0,intermediate
CHEMBL5288744,Nc1cc(Oc2ccc3c(C(=O)Nc4cccc(C(F)(F)F)c4)cccc3c2)ncn1,50.0,active
CHEMBL4104297,Nc1nccc(Oc2ccc3c(C(=O)Nc4cccc(C(F)(F)F)c4)cccc3c2)n1,420.0,active
CHEMBL5393904,O=C(c1cccc(CNc2n[nH]c3cccc(Cl)c23)c1)N1CCN(C(=O)c2ccc(Cl)cc2Cl)CC1,423.2,active
CHEMBL5437375,Cc1ccc(Nc2nccc(N(C)c3ccc4c(C)n(C)nc4c3)n2)cc1-c1nc2c(C(N)=O)cccc2[nH]1,499.0,active
CHEMBL5426036,COc1ccc(Nc2nccc(-c3cn(C)c4ccccc34)n2)cc1OCCOCCn1ccnc1[N+](=O)[O-],226.6,active
CHEMBL5406253,COc1cc2c(Oc3ccc(NC(=O)NC4CC4)c(Cl)c3)ncnc2cc1OCCCN1CCCC1,17.1,active
CHEMBL5414550,COc1cc2c(Oc3ccc(NC(=O)NC4CCC4)c(Cl)c3)ncnc2cc1OCCCN1CCCC1,4.2,active
CHEMBL5438648,COc1cc2c(Oc3ccc(NC(=O)NC4CCCC4)c(Cl)c3)ncnc2cc1OCCCN1CCCC1,5.82,active
CHEMBL5424340,COc1cc2c(Oc3ccc(NC(=O)NC4CCCCC4)c(Cl)c3)ncnc2cc1OCCCN1CCCC1,10.9,active
CHEMBL5436823,CCCCNC(=O)Nc1ccc(Oc2ncnc3cc(OCCCN4CCCC4)c(OC)cc23)cc1Cl,0.54,active
CHEMBL5438351,COc1cc2c(Oc3ccc(NC(=O)NC(C)(C)C)c(Cl)c3)ncnc2cc1OCCCN1CCCC1,101.42,active
CHEMBL5394767,COc1cc2c(Oc3ccc(NC(=O)NCc4ccncc4)c(Cl)c3)ncnc2cc1OCCCN1CCCC1,48.2,active
CHEMBL5405595,COc1cc2c(Oc3ccc(NC(=O)Nc4ccncc4)c(Cl)c3)ncnc2cc1OCCCN1CCCC1,11.6,active
CHEMBL5408069,COc1cc2c(Oc3ccc(NC(=O)NCc4ccccc4)c(Cl)c3)ncnc2cc1OCCCN1CCCC1,1.03,active
CHEMBL5411585,COc1cc2c(Oc3ccc(NC(=O)Nc4ccc(C(F)(F)F)cc4)c(Cl)c3)ncnc2cc1OCCCN1CCCC1,4.18,active
CHEMBL5410264,COc1cc2c(Oc3ccc(NC(=O)Nc4ccc(C)cc4)c(Cl)c3)ncnc2cc1OCCCN1CCCC1,0.39,active
CHEMBL5400860,COc1cc2c(Oc3ccc(NC(=O)Nc4ccc(-c5ccccc5)cc4)c(Cl)c3)ncnc2cc1OCCCN1CCCC1,1.23,active
CHEMBL5411025,COc1ccc(NC(=O)Nc2ccc(Oc3ncnc4cc(OCCCN5CCCC5)c(OC)cc34)cc2Cl)c(OC)c1,0.87,active
CHEMBL5433332,COc1cc2c(Oc3ccc(NC(=O)NCc4ccc(F)cc4)c(Cl)c3)ncnc2cc1OCCCN1CCCC1,1.14,active
CHEMBL5412761,COc1cc2c(Oc3ccc(NC(=O)Nc4cccc(F)c4)c(Cl)c3)ncnc2cc1OCCCN1CCCC1,2.04,active
CHEMBL5393865,COc1cc2c(Oc3ccc(NC(=O)Nc4cc(C)ccc4F)c(Cl)c3)ncnc2cc1OCCCN1CCCC1,0.58,active
CHEMBL5403470,COc1cc2c(Oc3ccc(NC(=O)Nc4ccc(C)c(F)c4)c(Cl)c3)ncnc2cc1OCCCN1CCCC1,0.18,active
CHEMBL5396911,COc1cc2c(Oc3ccc(NC(=O)Nc4ccccc4F)c(Cl)c3)ncnc2cc1OCCCN1CCCC1,3.41,active
CHEMBL5405000,COc1cc2c(Oc3ccc(NC(=O)Nc4ccc(Br)cc4F)c(Cl)c3)ncnc2cc1OCCCN1CCCC1,3.56,active
CHEMBL5401089,COc1cc2c(Oc3ccc(NC(=O)Nc4ccc(Cl)c(C(F)(F)F)c4)c(Cl)c3)ncnc2cc1OCCCN1CCCC1,8.97,active
CHEMBL5395547,COc1cc2c(Oc3ccc(NC(=O)NCc4ccc(C#N)cc4)c(Cl)c3)ncnc2cc1OCCCN1CCCC1,48.3,active
CHEMBL5394759,COc1cc2c(Oc3ccc(NC(=O)Nc4cccc(C(F)(F)F)c4)c(Cl)c3)ncnc2cc1OCCCN1CCCC1,0.42,active
CHEMBL5407330,COc1cc2c(Oc3ccc(NC(=O)Nc4ccc(OC(F)(F)F)cc4)c(Cl)c3)ncnc2cc1OCCCN1CCCC1,0.35,active
CHEMBL5432573,COc1cc2c(Oc3ccc(NC(=O)Nc4cccc(OC(F)(F)F)c4)c(Cl)c3)ncnc2cc1OCCCN1CCCC1,3.32,active
CHEMBL5412144,COc1cc2c(Oc3ccc(NC(=O)Nc4cnn(C(C)C)c4)c(Cl)c3)ncnc2cc1OCCCN1CCCC1,0.38,active
CHEMBL5410108,COc1cc2c(Oc3ccc(NC(=O)Nc4ccc5c(ccn5C)c4)c(Cl)c3)ncnc2cc1OCCCN1CCCC1,0.58,active
CHEMBL5403747,COc1cc2c(Oc3ccc(NC(=O)Nc4ccc5occc5c4)c(Cl)c3)ncnc2cc1OCCCN1CCCC1,0.8,active
CHEMBL5438830,COc1cc2c(Oc3ccc(NC(=O)Nc4cc(C)on4)c(Cl)c3)ncnc2cc1OCCCN1CCCC1,4.93,active
CHEMBL5426431,COc1cc2c(Oc3ccc(NC(=O)Nc4cccc5c4oc4ccccc45)c(Cl)c3)ncnc2cc1OCCCN1CCCC1,2.46,active
CHEMBL5397253,COc1cc2c(Oc3ccc(NC(=O)Nc4ccnn4C)c(Cl)c3)ncnc2cc1OCCCN1CCCC1,501.0,active
CHEMBL5406841,COc1cc2c(Oc3ccc(NC(=O)Nc4cnn(C)c4)c(Cl)c3)ncnc2cc1OCCCN1CCCC1,16.6,active
CHEMBL5425976,COc1cc2c(Oc3ccc(NC(=O)Nc4ccnn4C4CCCC4)c(Cl)c3)ncnc2cc1OCCCN1CCCC1,5.1,active
CHEMBL5421802,COc1cc2c(Oc3ccc(NC(=O)Nc4cnn(C5CCCC5)c4)c(Cl)c3)ncnc2cc1OCCCN1CCCC1,0.18,active
CHEMBL5414216,COc1cc2c(Oc3ccc(NC(=O)Nc4cnn(C(C)C)c4)c(Cl)c3)ncnc2cc1OCCN1CCCC1,1.21,active
CHEMBL5419881,COc1cc2c(Oc3ccc(NC(=O)Nc4ccc(F)cc4)c(F)c3)ncnc2cc1OCCCN1CCCC1,48.5,active
CHEMBL5424131,COc1cc2c(Oc3ccc(NC(=O)Nc4ccccc4)c(F)c3)ncnc2cc1OCCCN1CCCC1,54.6,active
CHEMBL5421149,COc1cc2c(Oc3ccc(NC(=O)Nc4cnn(C(C)C)c4)c(F)c3)ncnc2cc1OCCCN1CCCC1,0.43,active
CHEMBL5409075,COc1cc2c(Oc3ccc(NC(=O)Nc4ccc(C(F)(F)F)cc4)c(F)c3)ncnc2cc1OCCCN1CCCC1,9.83,active
CHEMBL5401823,COc1cc2c(Oc3ccc(NC(=O)Nc4cnn(C(C)C)c4)c(F)c3)ncnc2cc1OCc1ccccc1,2.66,active
CHEMBL4116008,CCS(=O)(=O)N1CCN(c2ccc(Nc3ncc(C(N)=O)c(NC4CC4)n3)cc2)CC1,4.0,active
CHEMBL5423601,Cc1c2cc(cc1C(=O)Nc1cc(CN3CCN(C)CC3)cc(C3CC3)c1)OCCCCCCCNC(=O)c1ccc3ncc(n3n1)C#C2,59.37,active
CHEMBL5440517,COc1ccc(/C=C\c2cc(OC)c(OC)c(OC)c2)cc1NC(=O)CCC(=O)N[C@@H](CCCNC(=N)N)C(=O)O,10000.0,inactive
CHEMBL466397,CCc1cc(Nc2nccc(-c3c(-c4ccc(OC)c(C(=O)Nc5c(F)cccc5F)c4)nc4ccccn34)n2)c(OC)cc1N1CCC(N2CCN(S(C)(=O)=O)CC2)CC1,159.0,active
CHEMBL1236095,CCc1cccc(CC)c1NC(=O)c1nn(C)c2c1CCc1cnc(Nc3ccc(C(=O)NC4CCN(C)CC4)cc3OC(F)(F)F)nc1-2,10000.0,inactive
CHEMBL1852688,CCN1CCN(c2ccc(Nc3cc(N(C)C(=O)Nc4c(Cl)c(OC)cc(OC)c4Cl)ncn3)cc2)CC1,2072.0,intermediate
CHEMBL85021,CC(C)c1cc(/C=C2\C(=O)Nc3ccccc32)cc(C(C)C)c1O,8500.0,intermediate
CHEMBL85403,Cc1cccc2c1/C(=C/c1ccc[nH]1)C(=O)N2,31000.0,inactive
CHEMBL86755,O=C1Nc2ccccc2/C1=C/c1ccc[nH]1,390.0,active
CHEMBL86943,CCOC(=O)c1c(C)[nH]c(/C=C2\C(=O)Nc3ccccc32)c1C,70.0,active
CHEMBL87080,O=C1Nc2ccc(Br)cc2/C1=C/c1ccc(N2CCOCC2)cc1,10000.0,inactive
CHEMBL86945,COc1ccc(/C=C2\C(=O)Nc3ccccc32)cc1C(C)(C)C,100000.0,inactive
CHEMBL89363,Cc1c[nH]c(/C=C2\C(=O)Nc3ccccc32)c1CCC(=O)O,400.0,active
CHEMBL87208,O=C1Nc2cc(F)ccc2/C1=C/c1ccc[nH]1,780.0,active
CHEMBL87402,O=C1Nc2ccccc2/C1=C/c1n[nH]cc1Cl,7410.0,intermediate
CHEMBL86837,O=C1Nc2ccccc2/C1=C/c1ccc(Br)cc1,100000.0,inactive
CHEMBL328452,CCc1ccc(/C=C2/C(=O)Nc3ccccc32)o1,41200.0,inactive
CHEMBL89040,Cc1cccc2c1/C(=C/c1ccc(N3CCN(C=O)CC3)cc1)C(=O)N2,2500.0,intermediate
CHEMBL86432,CSc1ccc(/C=C2\C(=O)Nc3cccc(C)c32)s1,100000.0,inactive
CHEMBL90277,Cc1cccc2c1/C(=C/c1ccc(N3CCOCC3)cc1)C(=O)N2,2100.0,intermediate
CHEMBL89723,CC(C)c1cc(/C=C2\C(=O)Nc3ccc(Cl)cc32)cc(C(C)C)c1O,4300.0,intermediate
CHEMBL86480,O=C1Nc2ccccc2/C1=C/c1ccc(N2CCOCC2)cc1,2500.0,intermediate
CHEMBL314217,O=C1Nc2ccccc2/C1=C/c1ccc(N2CCCC2)cc1,3000.0,intermediate
CHEMBL87746,COc1c(Br)cc(/C=C2\C(=O)Nc3ccccc32)cc1C(C)(C)C,46600.0,inactive
CHEMBL313578,O=C1Nc2ccccc2/C1=C/c1ccc(O)cc1,2700.0,intermediate
CHEMBL314798,C/C(=C1\C(=O)Nc2ccccc21)c1ccc(N2CCCCC2)cc1,100000.0,inactive
CHEMBL316008,CCOC(=O)c1c[nH]c(/C=C2\C(=O)Nc3ccccc32)c1C,180.0,active
CHEMBL87783,O=C1Nc2ccccc2/C1=C/c1sccc1Br,15400.0,inactive
CHEMBL316268,O=C1Nc2ccccc2/C1=C/c1cc(Br)cs1,100000.0,inactive
CHEMBL312826,O=C1Nc2ccccc2/C1=C\c1ccco1,100000.0,inactive
CHEMBL313433,CCc1c(/C=C2\C(=O)Nc3ccccc32)[nH]c(C)c1C,140.0,active
CHEMBL315701,O=C1Nc2ccccc2/C1=C/c1ccc(N2CCCCC2)cc1,4500.0,intermediate
CHEMBL87810,COc1ccc(/C=C2\C(=O)Nc3ccccc32)cc1,7600.0,intermediate
CHEMBL89809,Cc1cccc2c1/C(=C/c1ccc(N(C)C)cc1)C(=O)N2,3000.0,intermediate
CHEMBL89646,Cn1cc(Cl)c(/C=C2\C(=O)Nc3ccccc32)n1,100000.0,inactive
CHEMBL48760,CC(C)c1ccc(/C=C2/C(=O)Nc3ccccc32)cc1,5200.0,intermediate
CHEMBL89505,CC(C)(C)c1cc(/C=C2\C(=O)Nc3ccccc32)cc(C(C)(C)C)c1O,8400.0,intermediate
CHEMBL86944,COc1c(Br)cc(/C=C2\C(=O)Nc3ccc(Cl)cc32)cc1C(C)(C)C,100000.0,inactive
CHEMBL89721,CSc1ccc(/C=C2\C(=O)Nc3ccccc32)s1,2340.0,intermediate
CHEMBL86921,CN(C)c1ccc(/C=C2\C(=O)N(C)c3ccccc32)cc1,22600.0,inactive
CHEMBL315546,O=CN1CCN(c2ccc(/C=C3\C(=O)Nc4ccccc43)cc2)CC1,1600.0,intermediate
CHEMBL88405,O=CN1CCN(c2ccc(/C=C3\C(=O)Nc4ccc(Br)cc43)cc2)CC1,50000.0,inactive
CHEMBL330321,Cc1cc(C)c(/C=C2\C(=O)Nc3cccc(C)c32)[nH]1,1000.0,active
CHEMBL328710,CN(C)c1ccc(/C=C2\C(=O)Nc3ccccc32)cc1,800.0,active
CHEMBL314146,CCc1ccc(/C=C2\C(=O)Nc3ccccc32)s1,3400.0,intermediate
CHEMBL421548,O=C1Nc2ccc(Cl)cc2/C1=C/c1ccc(N2CCOCC2)cc1,4100.0,intermediate
CHEMBL86326,COc1ccc(/C=C2\C(=O)Nc3ccc(Cl)cc32)cc1C(C)(C)C,100000.0,inactive
CHEMBL89483,Cc1ccc2c(c1)/C(=C/c1[nH]c(C)cc1C)C(=O)N2,300.0,active
CHEMBL87325,O=C1Nc2ccc([N+](=O)[O-])cc2/C1=C/c1ccc[nH]1,100000.0,inactive
CHEMBL316009,COC(=O)CCc1c[nH]c(/C=C2\C(=O)Nc3ccccc32)c1C,6300.0,intermediate
CHEMBL314021,CN1C(=O)/C(=C\c2ccc(Br)cc2)c2ccccc21,100000.0,inactive
CHEMBL420411,CCc1c(C)[nH]c(/C=C2\C(=O)Nc3ccccc32)c1C,100000.0,inactive
CHEMBL86631,Cn1cccc1/C=C1\C(=O)Nc2ccccc21,20400.0,inactive
CHEMBL329367,CN(C)c1ccc(/C=C2\C(=O)Nc3cc(F)ccc32)cc1,4600.0,intermediate
CHEMBL313259,O=C1Nc2ccccc2/C1=C/c1ccc(C(=O)O)cc1,100000.0,inactive
CHEMBL431025,O=C1Nc2ccc(Cl)cc2/C1=C/c1ccc[nH]1,3000.0,intermediate
CHEMBL316020,Cc1c[nH]c(/C=C2\C(=O)Nc3ccccc32)c1C,2700.0,intermediate
CHEMBL87324,Cc1cc(C)c(/C=C2\C(=O)Nc3cc(F)ccc32)[nH]1,780.0,active
CHEMBL89697,Cc1ccc(/C=C2/C(=O)Nc3ccccc32)o1,73600.0,inactive
CHEMBL2037226,Cc1ccc(NC(=O)Nc2cc(C(F)(F)F)ccc2F)cc1Nc1ccc2c(c1)NC(=O)/C2=C\c1ccc[nH]1,4400.0,intermediate
CHEMBL2037224,O=C(Nc1cccc(Nc2ccc3c(c2)NC(=O)/C3=C\c2ccc[nH]2)c1)Nc1cccc(C(F)(F)F)c1,1500.0,intermediate
CHEMBL2037220,CN1CCN(c2cc(C(=O)Nc3cccc(Nc4ccc5c(c4)NC(=O)/C5=C\c4cc(C(=O)O)c[nH]4)c3)cc(C(F)(F)F)c2)CC1,3200.0,intermediate
CHEMBL2037211,CN1CCN(c2cc(C(=O)Nc3cccc(Nc4ccc5c(c4)NC(=O)/C5=C\c4ccc[nH]4)c3)cc(C(F)(F)F)c2)CC1,3600.0,intermediate
CHEMBL2037209,Cc1cn(-c2cc(C(=O)Nc3cccc(Nc4ccc5c(c4)NC(=O)/C5=C\c4ccc[nH]4)c3)cc(C(F)(F)F)c2)cn1,10000.0,inactive
CHEMBL2037208,O=C1Nc2cc(Nc3cccc(NC(=O)c4cccc(C(F)(F)F)c4)c3)ccc2/C1=C/c1ccc[nH]1,2200.0,intermediate
CHEMBL104908,Cc1c[nH]c(/C=C2/C(=O)Nc3ccccc32)c1C,2691.53,intermediate
CHEMBL103211,CCOC(=O)c1c(C)[nH]c(/C=C2/C(=O)Nc3ccccc32)c1C,70.79,active
CHEMBL323133,CN(C)c1ccc(/C=C2/C(=O)N(C)c3ccccc32)cc1,22387.21,inactive
CHEMBL103788,CN(C)c1ccc(/C=C2/C(=O)Nc3cc(F)ccc32)cc1,4570.88,intermediate
CHEMBL418799,O=C1Nc2ccccc2/C1=C\c1ccc(N2CCCCC2)cc1,4466.84,intermediate
CHEMBL104330,Cc1cc(C)c(/C=C2/C(=O)Nc3cc(F)ccc32)[nH]1,707.95,active
CHEMBL320161,Cc1c[nH]c(/C=C2/C(=O)Nc3ccccc32)c1CCC(O)O,398.11,active
CHEMBL320186,CCc1c(/C=C2/C(=O)Nc3ccccc32)[nH]c(C)c1C,141.25,active
CHEMBL102450,Cn1cc(Cl)c(/C=C2/C(=O)Nc3ccccc32)n1,1000000.0,inactive
CHEMBL296455,CN(C)c1ccc(/C=C2/C(=O)Nc3ccccc32)cc1,794.33,active
CHEMBL323085,O=C1Nc2cc(F)ccc2/C1=C\c1ccc[nH]1,707.95,active
CHEMBL102770,O=C1Nc2ccccc2/C1=C\c1ccc(N2CCCC2)cc1,3019.95,intermediate
CHEMBL103307,O=C1Nc2ccccc2/C1=C\c1ccc(O)cc1,2691.53,intermediate
CHEMBL105739,Cc1cc(C)c(/C=C2/C(=O)Nc3ccccc32)[nH]1,1047.13,intermediate
CHEMBL321359,Cn1cccc1/C=C1/C(=O)Nc2ccccc21,20417.38,inactive
CHEMBL319859,CN1C(=O)/C(=C/c2ccc(Br)cc2)c2ccccc21,1000000.0,inactive
CHEMBL102519,CC(C)c1cc(/C=C2/C(=O)Nc3ccccc32)cc(C(C)C)c1O,8511.38,intermediate
CHEMBL321781,O=C1Nc2ccccc2/C1=C\c1n[nH]cc1Cl,7413.1,intermediate
CHEMBL317867,O=C1Nc2ccccc2/C1=C\c1ccc(Br)cc1,1000000.0,inactive
CHEMBL323572,CC(C)(C)c1cc(/C=C2/C(=O)Nc3ccccc32)cc(C(C)(C)C)c1O,8317.64,intermediate
CHEMBL105849,Cc1c(CCC(O)O)c[nH]c1/C=C1/C(=O)Nc2ccccc21,6309.57,intermediate
CHEMBL321966,CC(C)(C)c1cc(/C=C2/C(=O)Nc3ccccc32)cc(Br)c1O,46773.51,inactive
CHEMBL321797,O=C1Nc2ccccc2/C1=C\c1ccc(N2CCOCC2)cc1,2511.89,intermediate
CHEMBL101022,CCc1ccc(/C=C2/C(=O)Nc3ccccc32)s1,3388.44,intermediate
CHEMBL323523,CCOC(=O)c1c[nH]c(/C=C2/C(=O)Nc3ccccc32)c1C,181.97,active
CHEMBL101797,O=C1Nc2ccccc2/C1=C\c1ccc[nH]1,389.05,active
CHEMBL317660,CCc1c(C)[nH]c(/C=C2/C(=O)Nc3ccccc32)c1C,1000000.0,inactive
CHEMBL318303,O=C1Nc2ccccc2/C1=C\c1ccc(C(O)O)cc1,1000000.0,inactive
CHEMBL318788,COc1ccc(/C=C2/C(=O)Nc3ccccc32)cc1,7585.78,intermediate
CHEMBL103212,COc1ccc(/C=C2/C(=O)Nc3ccccc32)cc1C(C)(C)C,1000000.0,inactive
CHEMBL441641,CSc1ccc(/C=C2/C(=O)Nc3ccccc32)s1,2344.23,intermediate
CHEMBL100955,O=C1Nc2ccccc2/C1=C\c1cc(Br)cs1,1000000.0,inactive
CHEMBL377300,Cc1cc2c(F)c(Oc3ncnn4cc(OC[C@@H](C)O)c(C)c34)ccc2[nH]1,89.0,active
CHEMBL377345,O=c1[nH]c2ccccc2c(O)c1-c1nc2ccccc2[nH]1,114.0,active
CHEMBL383261,Cn1ncc2c(N)c(-c3nc4ccccc4[nH]3)c(O)nc21,3000.0,intermediate
CHEMBL205305,Nc1c2cnnc-2[nH]c(O)c1-c1nc2ccccc2[nH]1,507.0,active
CHEMBL383299,Nc1c2ncnc-2[nH]c(O)c1-c1nc2ccccc2[nH]1,552.0,active
CHEMBL205406,Nc1c(-c2nc3ccccc3[nH]2)c(O)nc2sccc12,109.0,active
CHEMBL204524,CN1CCN(c2ccc3[nH]c(-c4c(O)nc5ccccc5c4N)nc3n2)CC1,24.0,active
CHEMBL380702,Nc1c(-c2nc3ccc(N4CCOCC4)[nH]c-3n2)c(O)nc2ccccc12,8.0,active
CHEMBL204985,Nc1c(-c2nc3ccc[nH]c-3n2)c(O)nc2cnccc12,12.0,active
CHEMBL204727,Nc1c(-c2nc3ccc[nH]c-3n2)c(O)nc2ccccc12,16.0,active
CHEMBL205405,CN1CCN(c2ccc3[nH]c(-c4c(O)nc5cccnc5c4N)nc3c2)CC1,33.0,active
CHEMBL381283,Nc1c(-c2nc3cc(N4CCOCC4)ccc3[nH]2)c(O)nc2ccncc12,57.0,active
CHEMBL205893,CN1CCN(c2ccc3[nH]c(-c4c(O)nc5cnccc5c4N)nc3c2)CC1,1.0,active
CHEMBL205108,Nc1c(-c2nc3cc(N4CCOCC4)ccc3[nH]2)c(O)nc2cnccc12,2.0,active
CHEMBL383618,Nc1c(-c2nc3ccccc3[nH]2)c(O)nc2cnccc12,3.0,active
CHEMBL206410,Oc1nc2cnccc2c(O)c1-c1nc2ccccc2[nH]1,168.0,active
CHEMBL207061,Oc1nc2ncccc2c(O)c1-c1nc2ccccc2[nH]1,3000.0,intermediate
CHEMBL204427,CN1CCN(c2ccc3[nH]c(-c4c(N)c5ccccc5[nH]c4=O)nc3c2)CC1,13.0,active
CHEMBL204426,Nc1c(-c2nc3cc(N4CCOCC4)ccc3[nH]2)c(=O)[nH]c2ccccc12,4.0,active
CHEMBL383417,Nc1c(-c2nc3ccccc3[nH]2)c(=O)[nH]c2ccccc12,25.0,active
CHEMBL212262,CC(C)(C)NC(=O)Nc1cccc2c(-c3nc4cc(N5CCC(N6CCCCC6)CC5)ccc4[nH]3)[nH]nc12,3000.0,intermediate
CHEMBL379995,c1ccc(COc2cccc3c(-c4nc5cc(N6CCC(N7CCCCC7)CC6)ccc5[nH]4)[nH]nc23)cc1,3000.0,intermediate
CHEMBL211940,Fc1cccc2c(-c3nc4cc(N5CCC(N6CCCCC6)CC5)ccc4[nH]3)[nH]nc12,330.0,active
CHEMBL377230,FC(F)(F)c1ccc2c(-c3nc4cc(N5CCC(N6CCCCC6)CC5)ccc4[nH]3)[nH]nc2c1,52.0,active
CHEMBL209704,c1ccc(COc2ccc3c(-c4nc5cc(N6CCC(N7CCCCC7)CC6)ccc5[nH]4)[nH]nc3c2)cc1,21.0,active
CHEMBL212054,Fc1ccc2c(-c3nc4cc(N5CCC(N6CCCCC6)CC5)ccc4[nH]3)[nH]nc2c1,28.0,active
CHEMBL380372,COC(=O)c1ccc2[nH]nc(-c3nc4cc(N5CCC(N6CCCCC6)CC5)ccc4[nH]3)c2c1,31.0,active
CHEMBL378024,CC(C)(C)NC(=O)Nc1ccc2[nH]nc(-c3nc4cc(N5CCC(N6CCCCC6)CC5)ccc4[nH]3)c2c1,5.0,active
CHEMBL379108,c1cc2[nH]nc(-c3nc4cc(N5CCC(N6CCCCC6)CC5)ccc4[nH]3)c2cc1NCC1CCCCC1,44.0,active
CHEMBL211662,c1ccc(Oc2ccc3n[nH]c(-c4nc5cc(N6CCC(N7CCCCC7)CC6)ccc5[nH]4)c3c2)cc1,44.0,active
CHEMBL377346,c1ccc(COc2ccc3[nH]nc(-c4nc5cc(N6CCC(N7CCCCC7)CC6)ccc5[nH]4)c3c2)cc1,30.0,active
CHEMBL379740,CC(C)(C)NC(=O)Nc1cccc2[nH]nc(-c3nc4cc(N5CCC(N6CCCCC6)CC5)ccc4[nH]3)c12,70.0,active
CHEMBL425247,c1ccc(COc2cccc3[nH]nc(-c4nc5cc(N6CCC(N7CCCCC7)CC6)ccc5[nH]4)c23)cc1,660.0,active
CHEMBL209265,CN1CCN(Cc2ccc3[nH]c(-c4[nH]nc5ccccc45)nc3c2)CC1,260.0,active
CHEMBL208775,c1ccc2c(-c3nc4cc(OCCCN5CCCC5)ccc4[nH]3)[nH]nc2c1,170.0,active
CHEMBL378003,c1ccc2c(-c3nc4cc(-n5ccnc5)ccc4[nH]3)[nH]nc2c1,83.0,active
CHEMBL212429,CN1CCC(N(C)c2ccc3[nH]c(-c4[nH]nc5ccccc45)nc3c2)CC1,150.0,active
CHEMBL378299,c1ccc2c(-c3nc4cc(N5CCC(N6CCCCC6)CC5)ccc4[nH]3)[nH]nc2c1,78.0,active
CHEMBL208600,CN1CCN(c2ccc3[nH]c(-c4[nH]nc5ccccc45)nc3c2)CC1,130.0,active
CHEMBL209783,c1ccc2c(-c3nc4cc(N5CCOCC5)ccc4[nH]3)[nH]nc2c1,160.0,active
CHEMBL211708,c1ccc2c(-c3nc4c(N5CCOCC5)cccc4[nH]3)[nH]nc2c1,3000.0,intermediate
CHEMBL383990,c1ccc2[nH]c(-c3n[nH]c4ccccc34)nc2c1,3300.0,intermediate
CHEMBL375248,CNC(=O)N1CCN(Cc2ccnc(Nc3ncc(C#N)s3)c2)CC1,90.0,active
CHEMBL444105,CC(C)Cn1c2ccc(C(=O)c3cccs3)cc2c2c3c(c4c(c21)CCc1nn(C)cc1-4)C(=O)NC3,10.0,active
CHEMBL271861,Cc1csc(C(=O)c2ccc3c(c2)c2c4c(c5c(c2n3CC(C)C)CCc2nn(C)cc2-5)C(=O)NC4)c1,50.0,active
CHEMBL401881,Cc1ccsc1C(=O)c1ccc2c(c1)c1c3c(c4c(c1n2CC(C)C)CCc1nn(C)cc1-4)C(=O)NC3,10.0,active
CHEMBL403158,CC(C)Cn1c2ccc(C(=O)c3sccc3Br)cc2c2c3c(c4c(c21)CCc1nn(C)cc1-4)C(=O)NC3,10.0,active
CHEMBL269924,CC(C)Cn1c2ccc(C(=O)c3sccc3Cl)cc2c2c3c(c4c(c21)CCc1nn(C)cc1-4)C(=O)NC3,10.0,active
CHEMBL408565,O=C1Nc2ccccc2/C1=C/c1cc2c([nH]1)CCC(Br)C2,70.0,active
CHEMBL260092,Nc1ncnc2c1N=C(c1ccc(NC(=O)Nc3cccc(C(F)(F)F)c3)cc1)CCN2,13.0,active
CHEMBL403706,Cc1ccc(C2=Nc3c(N)ncnc3NCC2)cc1NC(=O)Nc1cccc(C(F)(F)F)c1,52.0,active
CHEMBL260848,Nc1ncnc2c1N=C(c1cccc(NC(=O)Nc3cccc(C(F)(F)F)c3)c1)CCN2,790.0,active
CHEMBL411903,Nc1ncnc2c1N=C(c1ccc(NC(=O)Nc3cc(C(F)(F)F)ccc3F)cc1)CCN2,121.0,active
CHEMBL262607,Cc1ccc(F)c(NC(=O)Nc2ccc(C3=Nc4c(N)ncnc4NCC3)cc2)c1,311.0,active
CHEMBL412102,Nc1ncnc2c1N=C(c1ccc(NC(=O)Nc3ccc(Cl)c(C(F)(F)F)c3)cc1)CCN2,49.0,active
CHEMBL429516,Nc1ncnc2c1N=C(c1ccc(NC(=O)Nc3ccc(F)c(C(F)(F)F)c3)cc1)CCN2,345.0,active
CHEMBL410731,Nc1ncnc2c1N=C(c1ccc(NC(=O)Nc3cccc(C(F)(F)F)c3F)cc1)CCN2,1520.0,intermediate
CHEMBL409872,Nc1ncnc2c1N=C(c1ccc(NC(=O)Nc3cccc(Cl)c3)cc1)CCN2,50.0,active
CHEMBL259013,Nc1ncnc2c1N=C(c1ccc(NC(=O)Nc3ccc(C(F)(F)F)cc3)cc1)CCN2,2440.0,intermediate
CHEMBL261592,Cc1cc2cc(Nc3ncnn4cc(-c5nnc(C)o5)c(C(C)C)c34)cnc2[nH]1,53.0,active
CHEMBL3545376,COc1cc(OC)cc(N(CCNC(C)C)c2ccc3ncc(-c4cnn(C)c4)nc3c2)c1,0.1,active
CHEMBL4865518,C=C(C)CCC[C@]1(C)OC(=O)[C@]23CC[C@@H]4C(=CCC5C(C)(C)[C@@H](O[C@@H]6OC[C@@H](OS(=O)(=O)[O-])[C@H](O)[C@H]6O[C@@H]6O[C@H](C)[C@@H](O[C@@H]7OC[C@@H](O)[C@H](O[C@@H]8O[C@H](CO)[C@@H](O)[C@H](OC)[C@H]8O)[C@H]7O)[C@H](O)[C@H]6O)CC[C@@]54C)[C@]2(C)C[C@H](OC(C)=O)[C@@H]31.[Na+],2200.0,intermediate
