canonical_smiles,pIC50
O=C(Nc1ccc(Oc2ncnc3[nH]ncc23)cc1)Nc1cccc(OC(F)(F)F)c1,4.750557038557417
O=C(Nc1ccc(Oc2ncnc3[nH]ncc23)cc1)Nc1cccc(F)c1,4.779891911959945
O=C(Nc1ccc(Oc2ncnc3[nH]ncc23)cc1)Nc1ccc(N2CCOCC2)cc1,4.0
O=C(Nc1ccc(F)cc1)Nc1ccc(Oc2ncnc3[nH]ncc23)cc1,4.048662481204082
O=C(NCC1CCCCC1)Nc1ccc(Oc2ncnc3[nH]ncc23)cc1,4.0
O=C(Nc1ccc(Oc2ncnc3[nH]ncc23)cc1)NC1CCCCC1,4.0
CC(NC(=O)Nc1ccc(Oc2ncnc3[nH]ncc23)cc1)c1ccccc1,4.00788851221305
O=C(Nc1ccc(Oc2ncnc3[nH]ncc23)cc1)Nc1cccnc1,4.0
O=C(Nc1ccccc1)Nc1ccc(Oc2ncnc3[nH]ncc23)cc1,4.694004117229196
O=C(Cc1ccc(Br)cc1)Nc1ccc(Oc2ncnc3[nH]ncc23)cc1,4.126679398184601
O=C(Nc1ccc(Oc2ncnc3[nH]ncc23)cc1)c1ccc(Br)cc1,4.126679398184601
O=C(Nc1cccc(Oc2ncnc3[nH]ncc23)c1)c1ccc(Br)cc1,4.0
O=C(Nc1cccc(Oc2ncnc3[nH]ncc23)c1)c1ccc(C(F)(F)F)cc1,4.0
O=C(Cc1ccc(Br)cc1)Nc1cccc(Oc2ncnc3[nH]ncc23)c1,4.0
O=C(Cc1ccc(C(F)(F)F)cc1)Nc1cccc(Oc2ncnc3[nH]ncc23)c1,4.0
O=C(Nc1ccc(Br)cc1)Nc1cccc(Oc2ncnc3[nH]ncc23)c1,4.0
O=C(Nc1ccc(C(F)(F)F)cc1)Nc1cccc(Oc2ncnc3[nH]ncc23)c1,4.0
Cn1ncc2c(Oc3ccc(NC(=O)Nc4ccc(C(F)(F)F)cc4)cc3)ncnc21,4.0
COc1cccc(NC(=O)Nc2ccc(Oc3ncnc4c3cnn4C)cc2)c1,4.0
Cc1cccc(NC(=O)Nc2ccc(Oc3ncnc4[nH]ncc34)cc2)c1C,4.005243055412372
O=C(Nc1ccc(Br)cc1)Nc1ccc(Oc2ncnc3[nH]ncc23)cc1,4.126679398184601
COc1cccc(NC(=O)Nc2ccc(Oc3ncnc4[nH]ncc34)cc2)c1,4.086186147616283
CC(NC(=O)Nc1ccc(Nc2ncnc3[nH]ncc23)cc1)c1ccccc1,4.0
O=C(Nc1ccc(Nc2ncnc3[nH]ncc23)cc1)Nc1ccc(C(F)(F)F)cc1,4.0
Cc1cccc(NC(=O)Nc2ccc(Nc3ncnc4[nH]ncc34)cc2)c1C,4.0
O=C(Nc1ccc(Br)cc1)Nc1ccc(Nc2ncnc3[nH]ncc23)cc1,4.0
COc1cccc(NC(=O)Nc2ccc(Nc3ncnc4[nH]ncc34)cc2)c1,4.0
c1cc(-c2cnc3c(-c4ccsc4)cnn3c2)ccn1,6.896196279044043
COc1ccc(-c2cnc3c(-c4ccncc4)cnn3c2)cc1,6.823908740944319
c1cc(-c2cnc3c(-c4ccncc4)cnn3c2)ccn1,6.206209615309182
COc1ccc(-c2cnc3c(-c4ccsc4)cnn3c2)cc1,6.412289034981089
COc1cc2c(Nc3ccc(Cl)cc3F)ncnc2cc1OCC1CCNCC1,7.221848749616356
COc1cc2c(Nc3ccc(Cl)cc3F)ncnc2cc1OCCN(C)c1ccncc1,6.698970004336019
COc1cc2c(Nc3ccc(C#N)cc3F)ncnc2cc1OC/C=C/CN1CCCC1,6.301029995663981
COc1cc2c(Nc3ccc(C)cc3F)ncnc2cc1OCC1CCNCC1,6.6020599913279625
COc1cc2c(Nc3ccc(Br)cc3F)ncnc2cc1OCCn1ccnn1,7.301029995663981
COc1cc2c(Nc3ccc(C)cc3F)ncnc2cc1OCC1CCN(C)CC1,7.187086643357144
COc1cc2c(Nc3c(F)cc(Cl)cc3F)ncnc2cc1OCC1CCN(C)CC1,7.221848749616356
COc1cc2c(Nc3c(F)cc(Cl)cc3F)ncnc2cc1OCC1CCNCC1,7.0
COc1cc2c(Nc3ccc(Cl)cc3F)ncnc2cc1OC[C@@H]1CCCN(C)C1,7.096910013008056
COc1cc2c(Nc3ccc(Cl)cc3F)ncnc2cc1OCCCN1CCOCC1,7.301029995663981
COc1cc2/c(=N/c3ccc(Br)cc3F)nc[nH]c2cc1OCC1CCN(C)CC1,7.602059991327962
COc1cc2c(Nc3ccc(Cl)cc3F)ncnc2cc1OC/C=C/CN1CCCC1,7.397940008672037
COc1cc2c(Nc3ccc(Br)cc3F)ncnc2cc1OCCC1CCN(C)CC1,7.221848749616356
COc1cc2c(Nc3ccc(Cl)cc3F)ncnc2cc1OCC1CCN(C)CC1,7.301029995663981
COc1cc2c(Nc3ccc(Br)cc3F)ncnc2cc1OC[C@@H]1CCCN(C)C1,7.221848749616356
COc1cc2c(Nc3ccc(Cl)cc3F)ncnc2cc1OCCN1CCN(C)CC1,7.0
COc1cc2c(Nc3ccc(Cl)cc3F)ncnc2cc1OCCCN1CCCC1,8.096910013008056
COc1cc2c(Nc3ccc(Br)cc3F)ncnc2cc1OCCCN1CCN(C)CC1,7.522878745280337
COc1cc2c(Nc3c(F)cc(Br)cc3F)ncnc2cc1OCC1CCN(C)CC1,7.0
COc1cc2c(Nc3ccc(Br)cc3F)ncnc2cc1OCC1CCN(C)CC1,7.221848749616356
COc1cc2c(Nc3ccc(Br)cc3F)ncnc2cc1OC[C@H]1CCCN(C)C1,7.397940008672037
COc1cc2c(Nc3ccc(Cl)cc3F)ncnc2cc1OCCCN1CCN(C)CC1,7.301029995663981
COc1cc2c(Nc3ccc(Cl)cc3F)ncnc2cc1OCCN1CCOCC1,6.522878745280337
COc1cc2c(Nc3ccc(Br)cc3F)ncnc2cc1OCCC1CCNCC1,7.397940008672037
COc1cc2c(Nc3c(F)cc(Br)cc3F)ncnc2cc1OCC1CCNCC1,7.154901959985743
COc1cc2c(Nc3cc(O)c(C)cc3F)ncnc2cc1OCC1CCN(C)CC1,7.522878745280337
COc1cc2c(Nc3ccc(Cl)cc3F)ncnc2cc1OCCC1CCN(C)CC1,7.154901959985743
COCCOc1cc2ncnc(Nc3ccc(Cl)cc3F)c2cc1OC,7.397940008672037
COc1cc2c(Nc3cc(O)c(Cl)cc3F)ncnc2cc1OCC1CCN(C)CC1,8.522878745280337
COc1cc2c(Nc3ccc(Br)cc3F)ncnc2cc1OC/C=C/CN1CCCC1,7.522878745280337
CC(=O)N1CCN(Cc2cc(C)cc(Nc3nccc(-n4ccnc4-c4ccccc4)n3)c2)CC1,6.402304814074488
Cc1cc(C)cc(Nc2nccc(-n3ccnc3-c3ccccc3)n2)c1,7.721246399047171
Cc1cc(CO)cc(Nc2nccc(-n3ccnc3-c3ccccc3)n2)c1,7.638272163982407
Cc1cccc(Nc2nccc(-n3ccnc3-c3ccccc3)n2)c1,6.82102305270683
Cc1cc(Nc2nccc(-n3ccnc3-c3ccccc3)n2)cc(C(F)(F)F)c1,7.585026652029182
COc1cccc(Nc2nccc(-n3ccnc3-c3ccccc3)n2)c1,7.055517327849832
COc1cc(Nc2nccc(-n3ccnc3-c3ccccc3)n2)cc(OC)c1,7.657577319177793
FC(F)(F)c1cccc(Nc2nccc(-n3ccnc3-c3ccccc3)n2)c1,6.518557371497695
c1cc(-c2cnn3cc(-c4ccc(OCCN5CCOCC5)cc4)cnc23)cs1,7.657577319177793
c1ccc(-c2cnn3cc(-c4ccc(OCCN5CCOCC5)cc4)cnc23)cc1,7.494850021680094
CN(C)CCCOc1ccc(-c2cnc3c(-c4ccsc4)cnn3c2)cc1,7.638272163982407
c1cncc(-c2cnn3cc(-c4ccc(OCCN5CCCCC5)cc4)cnc23)c1,7.537602002101044
CN1CCN(CCCn2ccc(-c3cnc4c(-c5ccccc5)cnn4c3)cc2=O)CC1,7.096910013008056
c1cc(-c2cnn3cc(-c4ccc(OCCN5CCCCC5)cc4)cnc23)cs1,7.744727494896693
O=c1cc(-c2cnc3c(-c4ccccc4)cnn3c2)ccn1CCCN1CCCCC1,7.154901959985743
c1cc(-c2cnn3cc(-c4ccc(OCCN5CCOCC5)cc4)cnc23)ccn1,7.508638306165728
CN1CCN(CCCn2ccc(-c3cnc4c(-c5ccsc5)cnn4c3)cc2=O)CC1,7.698970004336019
COCCOc1cc2ncnc(Nc3cc(O)c(Cl)cc3F)c2cc1OC,8.397940008672037
COc1cc2c(Nc3c(F)cc(Br)cc3F)ncnc2cc1OCCn1ccnn1,7.698970004336019
COc1cc2c(Nc3ccc(Cl)cc3F)ncnc2cc1OCCn1ccnn1,7.397940008672037
COc1cc2c(Nc3ccc(C#N)cc3F)ncnc2cc1OCCn1ccnn1,6.221848749616356
CCN(CC)C/C=C/c1nc(O)c2c(ccc3nc(Nc4c(Cl)cccc4Cl)n(C)c32)c1C,4.0
CC(CN(C)C)Cn1cc(-c2cncc(-c3ccsc3)c2)c2ccccc21,6.591760034688151
CC(=O)Nc1oc(-c2cc3ccccc3cc2O)nc1-c1ccccc1,6.494850021680094
c1ccc2c(c1)c(-c1cncc(-c3ccsc3)c1)cn2CCCN1CCCCC1,6.305394801066432
CN1CCN(CCCn2cc(-c3cncc(-c4ccsc4)c3)c3ccccc32)CC1,6.484126156288321
OCCCNc1cncc(-c2cncc(Nc3cccc(Cl)c3)n2)c1,8.301029995663981
COc1cc(Nc2ncc(-c3ccccc3)o2)cc(OC)c1OC,6.376750709602099
CCS(=O)(=O)c1ccc(OC)c(Nc2ncc(-c3ccccc3)o2)c1,6.537602002101044
CCS(=O)(=O)c1ccc(OC)c(Nc2ncc(-c3cccc(Cl)c3)o2)c1,6.187086643357144
CCS(=O)(=O)c1ccc(OC)c(Nc2ncc(-c3cccc(F)c3)o2)c1,6.455931955649724
O=C(Nc1cccc(C(F)(F)F)c1)Nc1ncnc2nn3ccccc3c12,6.600326278518962
O=C(Nc1cccc([N+](=O)[O-])c1)Nc1ncnc2nn3ccccc3c12,5.0
N#Cc1cccc(NC(=O)Nc2ncnc3nn4ccccc4c23)c1,6.698970004336019
O=C(Nc1ccc(F)cc1)Nc1ncnc2nn3ccccc3c12,6.199970640755866
Fc1ccc(Nc2ncnn3cccc23)cc1Cl,2.6020599913279625
Cc1ccn2ncnc(Nc3ccc(F)c(Cl)c3)c12,2.6020599913279625
Cc1cc2c(Nc3ccc(F)c(Cl)c3)ncnn2c1,2.6020599913279625
Cc1ccc2c(Nc3ccc(F)c(Cl)c3)ncnn12,2.6020599913279625
Cc1ccc(Nc2ncnn3cccc23)cc1O,3.4436974992327127
Cc1ccc(Nc2ncnn3ccc(C)c23)cc1O,4.008773924307505
Cc1cc2c(Nc3ccc(C)c(O)c3)ncnn2c1,3.6716203965612624
Cc1ccc(Nc2ncnn3c(C)ccc23)cc1O,3.321481620959886
Cc1ccc(Nc2ncnn3cc(C)c(C)c23)cc1O,3.508638306165728
Cc1cccc(Cl)c1Nc1nc2ccc(N3CCN[C@@H](C)C3)nc2n2cncc12,6.0
Cc1cc(Br)ccc1C(=O)NS(=O)(=O)c1ccc(Cl)cc1,6.214670164989233
O=C(NS(=O)(=O)c1ccc(Cl)cc1)c1ccc([N+](=O)[O-])cc1Cl,6.2076083105017466
CCc1cc(Cl)ccc1C(=O)NS(=O)(=O)c1ccc(Cl)cc1,6.200659450546419
O=C(NS(=O)(=O)c1ccc(Cl)cc1)c1ccc(C(F)(F)F)cc1[N+](=O)[O-],4.958607314841775
O=C(NS(=O)(=O)c1ccc(Cl)cc1)c1ccc([N+](=O)[O-])cc1[N+](=O)[O-],4.886056647693163
N#Cc1ccc(C(=O)NS(=O)(=O)c2ccc(Cl)cc2)c(Cl)c1,5.0
CS(=O)(=O)c1ccc(C(=O)NS(=O)(=O)c2ccc(Cl)cc2)c(Cl)c1,4.698970004336019
O=C(NS(=O)(=O)c1ccc(Cl)cc1)c1ccc(O)cc1Cl,4.823908740944319
Nc1ccc(C(=O)NS(=O)(=O)c2ccc(Cl)cc2)c(Cl)c1,4.823908740944319
COc1ccc(C(=O)NS(=O)(=O)c2ccc(Cl)cc2)c(OC)c1,4.698970004336019
Cc1ccc(S(=O)(=O)NC(=O)c2ccc(Cl)cc2Cl)cc1,6.6777807052660805
O=C(NS(=O)(=O)c1ccc(Br)cc1)c1ccc(Cl)cc1Cl,6.619788758288394
O=C(NS(=O)(=O)c1cccc(Br)c1)c1ccc(Cl)cc1Cl,6.6020599913279625
COc1ccc(S(=O)(=O)NC(=O)c2ccc(Cl)cc2Cl)cc1,6.455931955649724
CC(C)(C)c1ccc(S(=O)(=O)NC(=O)c2ccc(Cl)cc2Cl)cc1,6.455931955649724
Cc1ccc(S(=O)(=O)NC(=O)c2ccc(Cl)cc2Cl)cc1Cl,6.443697499232712
O=C(NS(=O)(=O)c1ccc(F)c(Cl)c1)c1ccc(Cl)cc1Cl,6.3872161432802645
O=C(NS(=O)(=O)c1ccc(F)cc1)c1ccc(Cl)cc1Cl,6.3872161432802645
O=C(NS(=O)(=O)c1cccc(Cl)c1)c1ccc(Cl)cc1Cl,6.356547323513813
O=C(NS(=O)(=O)c1ccc(Cl)c(Cl)c1)c1ccc(Cl)cc1Cl,6.337242168318426
CSc1ccc(S(=O)(=O)NC(=O)c2ccc(Cl)cc2Cl)cc1,6.275724130399211
CC(=O)c1ccc(S(=O)(=O)NC(=O)c2ccc(Cl)cc2Cl)cc1,6.251811972993799
Cc1cccc(S(=O)(=O)NC(=O)c2ccc(Cl)cc2Cl)c1,6.1249387366083
O=C(NS(=O)(=O)c1ccc(Br)c(Br)c1)c1ccc(Cl)cc1Cl,6.040958607678906
O=C(NS(=O)(=O)c1cccc([N+](=O)[O-])c1)c1ccc(Cl)cc1Cl,6.040958607678906
COc1cccc(S(=O)(=O)NC(=O)c2ccc(Cl)cc2Cl)c1,6.040958607678906
CN(C)c1ccc(S(=O)(=O)NC(=O)c2ccc(Cl)cc2Cl)cc1,6.031517051446065
O=C(NS(=O)(=O)c1cccc(-c2ccccc2)c1)c1ccc(Cl)cc1Cl,6.013228265733755
O=C(NS(=O)(=O)c1ccccc1Cl)c1ccc(Cl)cc1Cl,4.853871964321762
O=C(NS(=O)(=O)c1cc([N+](=O)[O-])ccc1Cl)c1ccc(Cl)cc1Cl,4.698970004336019
Cc1ccc([N+](=O)[O-])cc1S(=O)(=O)NC(=O)c1ccc(Cl)cc1Cl,4.795880017344075
Cc1ccc(S(=O)(=O)NC(=O)c2ccc(Cl)cc2Cl)c(Br)c1,4.698970004336019
O=C(NS(=O)(=O)c1ccccc1)c1ccc(Cl)cc1Cl,6.275724130399211
O=C(NS(=O)(=O)c1ccc(Cl)cc1)c1ccc(Cl)cc1Cl,6.769551078621726
O=C(NS(=O)(=O)c1ccc(Cl)cc1)c1ccccc1,4.657577319177793
O=C(NS(=O)(=O)c1ccc(Cl)cc1)c1ccccc1Cl,4.853871964321762
O=C(NS(=O)(=O)c1ccc(Cl)cc1)c1cccc(Cl)c1,4.853871964321762
Cc1ccccc1C(=O)NS(=O)(=O)c1ccc(Cl)cc1,4.823908740944319
O=C(NS(=O)(=O)c1ccc(Cl)cc1)c1cccc(Br)c1,4.823908740944319
O=C(NS(=O)(=O)c1ccc(Cl)cc1)c1ccc([N+](=O)[O-])cc1,4.958607314841775
CN(C)c1ccc(C(=O)NS(=O)(=O)c2ccc(Cl)cc2)cc1,4.795880017344075
O=C(NS(=O)(=O)c1ccc(Cl)cc1)c1cc(Cl)ccc1Cl,4.886056647693163
O=C(NS(=O)(=O)c1ccc(Cl)cc1)c1cc(Cl)cc(Cl)c1,4.7447274948966935
O=C(NS(=O)(=O)c1ccc(Cl)cc1)c1ccc(Br)cc1Cl,6.698970004336019
O=C(NS(=O)(=O)c1ccc(Cl)cc1)c1ccc(Cl)cc1Br,6.619788758288394
O=C(NS(=O)(=O)c1ccc(Cl)cc1)c1ccc(Br)cc1Br,6.6020599913279625
Cc1cc(Cl)ccc1C(=O)NS(=O)(=O)c1ccc(Cl)cc1,6.522878745280337
COc1cc(OC)cc(-c2cc3cnc(NCCCO)cc3nc2NC(=O)NC(C)(C)C)c1,7.327902142064283
COc1cc(OC)cc(-c2cc3cnc(NCCCCO)cc3nc2NC(=O)NC(C)(C)C)c1,7.387216143280264
COc1cc(OC)cc(-c2cc3cnc(NCCCCCO)cc3nc2NC(=O)NC(C)(C)C)c1,7.327902142064283
CCNC(=O)Nc1nc2nc(NCCCN3CCN(C)CC3)ncc2cc1-c1cc(OC)cc(OC)c1,6.031517051446065
COc1cc(OC)cc(-c2cc3cnc(NCCCN4CCN(C)CC4)nc3nc2NC(=O)NC(C)(C)C)c1,6.657577319177793
CCN(CC)CCCCNc1ncc2cc(-c3cc(OC)cc(OC)c3)c(NC(=O)NC(C)(C)C)nc2n1,6.721246399047171
COc1cc(OC)cc(-c2cc3cnc(NCCCN4CCOCC4)cc3nc2NC(=O)NC(C)(C)C)c1,7.431798275933005
CCNC(=O)Nc1nc2cc(NCCCN3CCN(C)CC3)ncc2cc1-c1cc(OC)cc(OC)c1,6.055517327849832
COc1cc(OC)cc(-c2cc3cnc(NCCCN4CCN(C)CC4)cc3nc2NC(=O)NC(C)(C)C)c1,7.136677139879544
CCN(CC)CCCNc1cc2nc(NC(=O)NC(C)(C)C)c(-c3cc(OC)cc(OC)c3)cc2cn1,6.552841968657781
COc1cc(OC)cc(-c2cc3cnc(NCCCCN4CCOCC4)cc3nc2NC(=O)NC(C)(C)C)c1,7.086186147616283
COc1cc(OC)cc(-c2cc3cnc(NCCCCN4CCN(C)CC4)cc3nc2NC(=O)NC(C)(C)C)c1,7.180456064458132
CCNC(=O)Nc1nc2cc(NCCCCN(CC)CC)ncc2cc1-c1cc(OC)cc(OC)c1,6.275724130399211
CCN(CC)CCCCNc1cc2nc(NC(=O)NC(C)(C)C)c(-c3cc(OC)cc(OC)c3)cc2cn1,7.366531544420414
COc1cc(OC)cc(-c2cc3cnc(NCCCCCN4CCOCC4)cc3nc2NC(=O)NC(C)(C)C)c1,7.040958607678906
CCN(CC)CCCCCNc1cc2nc(NC(=O)NC(C)(C)C)c(-c3cc(OC)cc(OC)c3)cc2cn1,6.721246399047171
CCOC(=O)Nc1cn2ncnc(Nc3cc(C(=O)NOC)c(F)cc3F)c2c1C(C)C,7.508638306165728
CONC(=O)c1cc(Nc2ncnn3cc(NC(=O)OCCCN4CCCCC4)c(C(C)C)c23)c(F)cc1F,7.207608310501746
CONC(=O)c1cc(Nc2ncnn3cc(NC(=O)OCCCS(C)(=O)=O)c(C(C)C)c23)c(F)cc1F,7.0
CONC(=O)c1cc(Nc2ncnn3cc(NC(=O)OCC4CCCO4)c(C(C)C)c23)c(F)cc1F,7.337242168318426
CONC(=O)c1cc(Nc2ncnn3cc(NC(=O)OC4CCN(C)CC4)c(C(C)C)c23)c(F)cc1F,7.721246399047171
CONC(=O)c1cc(Nc2ncnn3cc(-c4ncc(C)o4)c(C(C)C)c23)c(F)cc1F,8.958607314841775
CONC(=O)c1cc(Nc2ncnn3cc(-c4nc(C)no4)c(C(C)C)c23)c(F)cc1F,8.167491087293763
CONC(=O)c1cc(Nc2ncnn3cc(-c4nnc(C)o4)c(C(C)C)c23)c(F)cc1F,8.119186407719209
CONC(=O)c1cc(Nc2ncnn3cc(-c4nnco4)c(C(C)C)c23)c(F)cc1F,7.040958607678906
CCc1nnc(-c2cn3ncnc(Nc4cc(C(=O)NOC)c(F)cc4F)c3c2C(C)C)o1,8.744727494896694
CONC(=O)c1cc(Nc2ncnn3cc(-c4nnc(C(C)C)o4)c(C(C)C)c23)c(F)cc1F,7.744727494896693
CONC(=O)c1cc(Nc2ncnn3cc(-c4nnc(CC(C)C)o4)c(C(C)C)c23)c(F)cc1F,8.67778070526608
CONC(=O)c1cc(Nc2ncnn3cc(-c4nnc(C5CC5)o4)c(C(C)C)c23)c(F)cc1F,8.443697499232712
CONC(=O)c1cc(Nc2ncnn3cc(-c4nnc(CC5CC5)o4)c(C(C)C)c23)c(F)cc1F,8.397940008672037
CONC(=O)c1cc(Nc2ncnn3cc(-c4nnc(C(F)F)o4)c(C(C)C)c23)c(F)cc1F,7.769551078621726
CONC(=O)c1cc(Nc2ncnn3cc(-c4nnc(C(F)(F)F)o4)c(C(C)C)c23)c(F)cc1F,7.455931955649724
CONC(=O)c1cc(Nc2ncnn3cc(-c4nnc(CC(F)(F)F)o4)c(C(C)C)c23)c(F)cc1F,7.602059991327962
CONC(=O)c1cc(Nc2ncnn3cc(-c4nnc(N(C)C)o4)c(C(C)C)c23)c(F)cc1F,8.173925197299173
CONC(=O)c1cc(Nc2ncnn3cc(-c4nnc(CS(C)(=O)=O)o4)c(C(C)C)c23)c(F)cc1F,8.67778070526608
CONC(=O)c1cc(Nc2ncnn3cc(-c4nnc(C(F)(F)S(C)(=O)=O)o4)c(C(C)C)c23)c(F)cc1F,7.568636235841013
CONC(=O)c1cc(Nc2ncnn3cc(-c4n[nH]c(C)n4)c(C(C)C)c23)c(F)cc1F,7.301029995663981
Clc1ccc(Nc2nnc(Cc3ccncc3)c3ccccc23)cc1,7.0
N#Cc1ccccc1Nc1ncc(-c2ccccc2)o1,4.841637507904751
CCS(=O)(=O)c1cccc(Nc2ncc(-c3ccccc3)o2)c1,4.991399828238082
CCS(=O)(=O)c1ccc(OC)c(Nc2ncc(-c3ccc(Cl)cc3)o2)c1,6.031517051446065
CCS(=O)(=O)c1ccc(OC)c(Nc2ncc(-c3ccc(F)cc3)o2)c1,6.522878745280337
CCS(=O)(=O)c1ccc(OC)c(Nc2ncc(-c3ccc(C#N)cc3)o2)c1,6.309803919971486
CCS(=O)(=O)c1ccc(OC)c(Nc2ncc(-c3ccc(C(N)=O)cc3)o2)c1,6.6777807052660805
CCS(=O)(=O)c1ccc(OC)c(Nc2ncc(-c3cccc(C(C)=O)c3)o2)c1,4.856985199745905
CCS(=O)(=O)c1ccc(OC)c(Nc2ncc(-c3cccc(-c4cccs4)c3)o2)c1,6.585026652029182
CCS(=O)(=O)c1ccc(OC)c(Nc2ncc(-c3cccc(-c4ccsc4)c3)o2)c1,6.853871964321762
CCS(=O)(=O)c1ccc(OC)c(Nc2ncc(-c3cccc(-c4ccccn4)c3)o2)c1,6.431798275933005
CCS(=O)(=O)c1ccc(OC)c(Nc2ncc(-c3cccc(-c4cccnc4)c3)o2)c1,6.017728766960432
CCS(=O)(=O)c1ccc(OC)c(Nc2ncc(-c3cccc(-c4ccncc4)c3)o2)c1,4.823908740944319
CCS(=O)(=O)c1ccc(OC)c(Nc2ncc(-c3cccc(-c4cncn4C)c3)o2)c1,6.769551078621726
CCS(=O)(=O)c1ccc(OC)c(Nc2ncc(-c3cccc(-c4ccccc4)c3)o2)c1,6.958607314841775
CCS(=O)(=O)c1ccc(OC)c(Nc2ncc(-c3cccc(-c4ccccc4F)c3)o2)c1,7.397940008672037
CCS(=O)(=O)c1ccc(OC)c(Nc2ncc(-c3cccc(-c4ccccc4Cl)c3)o2)c1,7.301029995663981
COc1cc2ncnc(Nc3ccc(Cl)cc3F)c2cc1OC,6.0
COc1cc2c(Nc3ccc(Cl)cc3F)ncnc2cc1OCCNC(=O)CCCCC1SCC2NC(=O)NC21,4.832682665251824
COc1cc2c(Nc3ccc(Cl)cc3F)ncnc2cc1OCCOCCNC(=O)C(CCCCNC(=O)CCCCC1SCC2NC(=O)NC21)NC(=O)c1c(F)c(F)c(N=[N+]=[N-])c(F)c1F,4.394694953858891
CN1CCN(c2ccc(Nc3ncc4ccn(C5CCCCC5)c4n3)cc2)CC1,7.0
CCN(CC)CCCNc1nc(-c2ccc(NC(=O)Nc3ccc(Cl)cc3)cc2)nc2ccsc12,5.0
CCN1CCN(CC(=O)Nc2cc(Oc3ccc4c(c3)nc(Nc3cc(C(F)(F)F)ccc3F)n4C)ccn2)CC1,8.0
Cc1cc(/C=N/NC(=O)Nc2ccc(-c3nc(N4CCOCC4)c4sccc4n3)cc2)cc(C)c1O,5.0
Cn1c(Nc2ccc(C(F)(F)F)cc2)nc2cc(Oc3ccnc(-c4ncc(C(F)(F)F)[nH]4)c3)ccc21,7.698970004336019
Cn1c(Nc2cccc(C(C)(C)C)c2)nc2cc(Oc3ccnc(-c4ncc(C(F)(F)F)[nH]4)c3)ccc21,7.154901959985743
Cn1c(Nc2cccc(C(C)(C)C)c2)nc2cc(Oc3ccnc(-c4ncc[nH]4)c3)ccc21,7.522878745280337
CC(=O)Nc1cc(Oc2ccc3c(c2)nc(Nc2cccc(C(C)(C)C)c2)n3C)ccn1,8.698970004336019
CNC(=O)c1cc(Oc2ccc3c(c2)nc(Nc2cccc(C(C)(C)C)c2)n3C)ccn1,8.301029995663981
N#CCC(=O)N/N=C1\C(=O)Nc2ccc(S(=O)(=O)N3CCOCC3)cc21,6.559090917934783
C#Cc1cccc(Nc2ncnc3cc(OCCOC)c(OCCOC)cc23)c1,6.6020599913279625
CC(C)(C)c1nc2c3ccc(F)cc3c3c(=O)[nH]ccc3c2[nH]1,6.161150909262744
O=C(Cc1ccc2ccccc2c1)Nc1cc(C2CC2)n[nH]1,5.0
CC(C)OCc1ccc2c(c1)c1c3c(c4c(c1n2CCCO)Cc1ccccc1-4)C(=O)NC3,8.397940008672037
O=C(Nc1cccc(C(F)(F)F)c1)c1ccccc1NCc1ccncc1,7.744727494896693
Cc1cc(C)c(/C=C2\C(=O)Nc3ccccc32)[nH]1,7.301029995663981
Clc1ccc(Nc2nnc(Cc3ccncc3)c3ccccc23)cc1,6.709965388637482
O=C(Nc1cccc(-c2cncc3ccccc23)c1)c1ccccc1NCc1ccncc1,7.2839966563652
Cc1cccc(NC(=O)Nc2ccc(-c3csc4ncnc(N)c34)cc2)c1,7.886056647693163
Cc1sc2ncnc(N)c2c1-c1ccc(NC(=O)Nc2cc(C(F)(F)F)ccc2F)cc1,7.060480747381382
N[C@H](COc1cncc(/C=C/c2ccncc2)c1)Cc1c[nH]c2ccccc12,4.301029995663981
CN[C@@H]1C[C@H]2O[C@@](C)([C@@H]1OC)n1c3ccccc3c3c4c(c5c6ccccc6n2c5c31)C(=O)NC4,7.236572006437063
N[C@H](COc1cncc(-c2ccc3cnccc3c2)c1)Cc1c[nH]c2ccccc12,4.301029995663981
c1cn(Cc2ccc3c(c2)-c2[nH]nc(-c4ccsc4)c2C3)cn1,6.772113295386326
Cc1ccc(F)c(NC(=O)Nc2ccc(-c3nsc4ncnc(N)c34)cc2)c1,7.167491087293763
Nc1ncnc2snc(-c3ccc(NC(=O)Nc4cc(C(F)(F)F)ccc4F)cc3)c12,7.638272163982407
Nc1ncnc2snc(-c3ccc(NC(=O)Nc4cccc(C(F)(F)F)c4)cc3)c12,8.522878745280337
Cc1cccc(NC(=O)Nc2ccc(-c3nsc4ncnc(N)c34)cc2)c1,8.397940008672037
Clc1ccc2c(c1Nc1ncnc3cc(OCCCN4CCCC4)cc(OC4CCOCC4)c13)OCO2,5.0
CN1CCN(CCOc2cc(OC3CCOCC3)c3c(Nc4c(Cl)ccc5c4OCO5)ncnc3c2)CC1,5.0
CO[C@@H](C(=O)N1Cc2[nH]nc(NC(=O)c3ccc(N4CCN(C)CC4)cc3)c2C1)c1ccccc1,6.79317412396815
COc1cc(C2=C(c3c[nH]c4ccccc34)C(=O)NC2=O)cc(OC)c1OC,8.301029995663981
Cc1ccc(F)c(NC(=O)Nc2ccc(-c3cccc4[nH]nc(N)c34)cc2)c1,6.721246399047171
CN1CCN(Cc2ccc3c(c2)Cc2c(-c4csc(C#CCOc5ccccc5)c4)n[nH]c2-3)CC1,8.522878745280337
COCCOCC#Cc1cc(-c2n[nH]c3c2Cc2ccc(Cn4cncn4)cc2-3)cs1,8.397940008672037
O=C(NCCCN1CCCC1=O)c1cnccc1Nc1nc(-c2cc(Br)ccc2F)nc2nccnc12,6.910094888560602
CCOc1cccc2c1c(/C=C1\C(=O)NN=C1c1snnc1C)cn2C,7.795880017344075
Nc1ncnc2occ(-c3ccc(NC(=O)Nc4cc(C(F)(F)F)ccc4F)cc3)c12,8.119987161633228
CC(C)(C)c1ccc(-n2ncc3c2-c2ccccc2NC(=O)C3)cc1,5.0
CO/N=C(\C)c1ccc2c(c1)c1c3c(c4c(c1n2CC(C)C)CCc1nn(C)cc1-4)C(=O)NC3,8.0
COc1cc2nccc(Oc3ccc4c(C(=O)Nc5ccc(Cl)cc5)cccc4c3)c2cc1OC,8.698970004336019
N#CCCc1ccc2c(c1)-c1[nH]c3ccc([N+](=O)[O-])cc3c1CC(=O)N2,6.0
CCCNC(=O)Nc1ccc(Oc2ncnc3cc(OC)c(OC)cc23)cc1Cl,6.903089986991944
Cc1cccc(C)c1/C=C/n1cnc2c(Nc3ccc(P(C)(C)=O)cc3)ncnc21,6.82102305270683
O=C(Nc1cccc(Cl)c1)Nc1ncc(CCNc2ncnc3ccsc23)s1,7.853871964321762
CN1CCN(c2ccc3nc(-c4c(N)c5c(F)cccc5[nH]c4=O)[nH]c3c2)CC1,8.522878745280337
O=C(Nc1c[nH]nc1-c1nc2ccc(CN3CCOCC3)cc2[nH]1)NC1CC1,9.0
c1cc(Nc2ncnc3[nH]ccc23)cc(-c2nc3ccccc3s2)c1,5.0
Fc1cc(-c2nc3ccccc3s2)ccc1Nc1ncnc2ccsc12,5.0
Clc1cc(Nc2ncnc3ccsc23)ccc1-c1nc2ccccc2s1,5.0
COc1cc(Nc2ncnc3ccsc23)ccc1-c1nc2ccccc2s1,5.0
c1ccc2sc(-c3ccc(Nc4ncnc5ccsc45)cc3)nc2c1,5.0
COc1nc(Nc2ccc(-c3nc4ccccc4s3)cc2)c2cc[nH]c2n1,5.0
COc1cc(Nc2ncnc3[nH]ccc23)ccc1-c1nc2ccccc2s1,5.0
COc1cc(Nc2nccc(Nc3cc(C)[nH]n3)n2)ccc1-c1nc2ccccc2s1,5.0
CNc1ccnc(Nc2ccc(-c3nc4ccccc4s3)cc2)n1,5.0
CNC(=O)c1cc(Nc2ccc(-c3nc4ccccc4s3)cc2)ccn1,5.0
O=C(NC(=S)Nc1ccc(O)c(-c2nc3ccccc3s2)c1)c1ccc([N+](=O)[O-])cc1,6.0
COC(=O)c1ccc2c(c1)NC(=O)/C2=C(\Nc1ccc(CN(C)C(=O)N(C)C)cc1)c1ccccc1,8.0
COC(=O)c1ccc2c(c1)NC(=O)/C2=C(\Nc1ccc(N(C)C(=O)CN2CCN(C)CC2)cc1)c1ccccc1,8.301029995663981
COC(=O)c1ccc2c(c1)NC(=O)/C2=C(\Nc1ccc(CN2CCCCC2)cc1)c1ccccc1,7.494850021680094
COC(=O)c1ccc2c(c1)NC(=O)/C2=C(\Nc1ccc(N(C)C(=O)Cn2ccnc2)cc1)c1ccccc1,8.154901959985743
COC(=O)c1ccc2c(c1)NC(=O)/C2=C(\Nc1ccc(N(CC(=O)N(C)C)C(C)=O)cc1)c1ccccc1,8.221848749616356
COC(=O)c1ccc2c(c1)NC(=O)/C2=C(\Nc1ccc(N(CCCN(C)C)C(C)=O)cc1)c1ccccc1,8.522878745280337
COC(=O)c1ccc2c(c1)NC(=O)/C2=C(\Nc1ccc(N(CCN(C)C)C(C)=O)cc1)c1ccccc1,8.301029995663981
COC(=O)c1ccc2c(c1)NC(=O)/C2=C(\Nc1ccc(N(CCN(C)C)S(C)(=O)=O)cc1)c1ccccc1,8.0
COC(=O)c1ccc2c(c1)NC(=O)/C2=C(\Nc1ccc(C(=O)N(C)CCN(C)C)cc1)c1ccccc1,7.229147988357856
COC(=O)c1ccc2c(c1)NC(=O)/C2=C(\Nc1ccc(CN(C)C)cc1)c1ccccc1,7.136677139879544
COC(=O)c1ccc2c(c1)NC(=O)/C2=C(\Nc1ccc(NC(=O)CN2CCN(C)CC2)cc1)c1ccccc1,7.619788758288394
COc1ncnc2c1ncn2CC(=O)c1ccccc1,4.346787486224656
COc1cc2c(Oc3ccc(-c4cnc(Cc5ccccc5)n(C)c4=O)cc3F)ccnc2cc1OCCCN1CCOCC1,6.920818753952375
COc1cc2c(Oc3ccc(-c4cnc(Nc5ccc(F)cc5)n(C)c4=O)cc3F)ccnc2cc1OCCCN1CCOCC1,8.301029995663981
COc1ccc2c(c1)CCc1c-2c2c(c3c4ccccc4n(CCO)c13)CNC2=O,5.0
CCSCc1ccc2c(c1)c1c3c(c4c5cc(CSCC)ccc5n5c4c1n2[C@H]1C[C@](O)(C(=O)OC)[C@]5(C)O1)CNC3=O,7.4089353929735005
Cc1cc(O)cc2oc(=O)c3c(O)cc(O)cc3c12,8.886056647693163
O=C1C[C@H](O)[C@@H]2c3c(ccc(O)c31)-c1ccc(O)c3c1[C@@]2(O)CCC3=O,8.55284196865778
COc1cc(O)c(C(=O)O)c(C2=C(C)C[C@@H](O)C2=O)c1,8.431798275933005
COc1cc(O)c2c(c1)C1(OC2=O)C(C)=CC(=O)C1O,8.0
COc1cc(O)c2c(c1)-c1cc(O)c(O)cc1COC2=O,8.0
Cc1cc(O)c(O)cc1-c1cc(O)cc(O)c1C(=O)O,8.167491087293763
COc1cc(O)c(C(=O)O)c(-c2cc(O)c(O)cc2C)c1,8.0
COc1cc(O)c2c(=O)oc3cc(O)cc(C)c3c2c1,9.017728766960431
Cc1cc(O)cc2oc(=O)c3c(O)cc(OS(=O)(=O)O)cc3c12,8.769551078621726
COc1cc(O)c2c(=O)oc3c(O)c(O)cc(C)c3c2c1,9.4089353929735
COc1ccc(C2=C(c3cn(C)c4ccccc34)C(=O)NC2)cc1,4.7447274948966935
COc1cc(C2=C(c3cn(C)c4ccccc34)C(=O)NC2)cc(OC)c1OC,4.958607314841775
COc1cc(C2=C(c3c[nH]c4ccccc34)CNC2=O)cc(OC)c1OC,7.431798275933005
COc1cc2ncn(-c3cc(OCc4ccccc4C(F)(F)F)c(C(N)=O)s3)c2cc1OC,7.036212172654444
Cc1ccc(Nc2nccc(N(C)c3ccc4c(C)n(C)nc4c3)n2)cc1S(N)(=O)=O,7.327902142064283
CNC(=O)c1nn(C)c2c1C(C)(C)Cc1cnc(Nc3ccc(N4CCN(C)CC4)cc3)nc1-2,6.036212172654444
COc1cc(O)c2c(c1)C(=O)c1cc(C)c(O)cc1C2=O,8.0
COc1cc(O)c2c(c1)C(=O)C1=C(C2=O)[C@H](O)[C@@H](O)[C@@](C)(O)[C@@H]1O,8.00436480540245
COc1cc2c(c(O)c1-c1c(OC)cc(O)c3c1C(=O)C1=C(C3=O)[C@H](O)[C@@H](O)[C@@](C)(O)[C@@H]1O)C(=O)c1cc(O)c(C)cc1C2=O,8.397940008672037
COc1cc(O)c2c(c1)C(=O)c1cc(C)c(O)c(O)c1C2=O,8.568636235841012
COc1cc2c(Nc3ccc(-c4nc5ccccc5s4)cc3)ncnc2cc1OCCCN1CCN(C)CC1,7.161150909262744
COc1cc2c(Nc3ccc(-c4nc5ccccc5s4)cc3C)ncnc2cc1OCCCN1CCN(C)CC1,6.468521082957745
COc1cc2c(Nc3ccc(-c4nc5ccccc5s4)cc3OC(F)(F)F)ncnc2cc1OCCCN1CCN(C)CC1,5.0
COc1cc2c(Nc3ccc(-c4nc5ccccc5s4)cc3F)ncnc2cc1OCCCN1CCN(C)CC1,6.455931955649724
COc1cc2c(Nc3ccc(-c4nc5ccccc5s4)c(O)c3)ncnc2cc1OCCCN1CCN(C)CC1,6.2839966563652006
COc1cc2c(Nc3ccc(-c4nc5ccccc5s4)c(F)c3)ncnc2cc1OCCCN1CCN(C)CC1,6.6777807052660805
COc1cc2c(Nc3ccc(-c4nc5ccccc5s4)c(Cl)c3)ncnc2cc1OCCCN1CCN(C)CC1,6.327902142064283
COc1cc2c(Nc3ccc(-c4nc5ccc(F)cc5s4)cc3)ncnc2cc1OCCCN1CCN(C)CC1,6.062983892535186
COc1cc2c(Nc3ccc(-c4nc5cc(C(F)(F)F)ccc5s4)cc3)ncnc2cc1OCCCN1CCN(C)CC1,5.0
COc1cc2c(N(C)c3ccc(-c4nc5ccccc5s4)c(OC)c3)ncnc2cc1OCCCN1CCN(C)CC1,5.0
COc1cc2c(Oc3ccc(-c4nc5ccccc5s4)cc3F)ncnc2cc1OCCCN1CCN(C)CC1,6.721246399047171
COc1cc2c(Oc3ccc(-c4nc5ccccc5s4)cc3)ncnc2cc1OCCCN1CCN(C)CC1,6.91721462968355
COc1cc2c(Oc3ccc(-c4nc5ccccc5s4)cc3)ncnc2cc1OCCCN1CCCC1,6.853871964321762
COc1cc(C2=C(c3c[nH]c4ccc(I)cc34)C(=O)NC2=O)cc(OC)c1OC,7.53003079050004
COc1cc(C2=C(c3c[nH]c4ccc(Br)cc34)C(=O)NC2=O)cc(OC)c1OC,7.67778070526608
COc1cc(C2=C(c3c[nH]c4ccc(F)cc34)C(=O)NC2=O)cc(OC)c1OC,7.180456064458132
CC(=O)N1CCC(Nc2ncc3c(n2)-c2c(c(C(N)=O)nn2C)CC3)CC1,5.0
Cn1nc(C(N)=O)c2c1-c1nc(NC3CCN(C(=O)c4ccccc4)CC3)ncc1CC2,5.0
CNC(=O)c1nn(C)c2c1CCc1cnc(NC3CCN(C(=O)C4CCN(S(C)(=O)=O)CC4)CC3)nc1-2,5.0
CC(C)CC(=O)Nc1n[nH]c2c1CN(C(=O)C1CCN(C)CC1)C2(C)C,5.0
CC(C)(C)C(=O)N1Cc2c(NC(=O)c3cc(F)cc(F)c3)n[nH]c2C1(C)C,5.0
O=C(Nc1cccc(-c2cn3ccnc3c(NCc3ccncc3)n2)c1)Nc1cccc(C(F)(F)F)c1,7.1487416512809245
O=C(Cc1ccccc1)Nc1cccc(-c2nc3sccn3c2-c2ccnc(Nc3cccc(N4CCOCC4)c3)n2)c1,7.187086643357144
NCCc1c[nH]c2ccc(O)cc12,4.301029995663981
COc1ccc(-c2ccc(Cn3cc(CCN)c4cc(OCCc5ccc(O)cc5)ccc43)cc2)cc1,6.017728766960432
CSc1ccc(CCCCCn2cc(CCNC(=O)OC(C)(C)C)c3cc(OCCc4ccc(O)cc4)ccc32)cc1,4.301029995663981
NC1CCc2[nH]c3ccc(OCCc4ccc(O)cc4)cc3c2C1,4.461300620457593
COCCc1ccc(O)cc1,4.301029995663981
COc1ccc(N2CCN(C)CC2)cc1Nc1ncc2c(n1)-c1c(c(C(N)=O)nn1C)CC2,6.231361898752385
CCn1cc(-c2ccnc3[nH]c(-c4cccc(CN(C)C)c4)cc23)c(-c2ccc(NC(=O)N(C)C)cc2)n1,7.130768280269024
CCCCn1c2ccc(C3CCCCO3)cc2c2c3c(c4c(c21)CCc1nn(C)cc1-4)C(=O)NC3,8.301029995663981
CC(C)Cn1c2ccc(C3CCCCO3)cc2c2c3c(c4c(c21)CCc1nn(C)cc1-4)C(=O)NC3,8.045757490560675
Cc1cccc(-c2[nH]c(Cc3cccc(C(N)=O)c3)nc2-c2ccc3ncccc3c2)n1,6.026872146400302
CCN(CC)CCNC(=O)c1c(C)[nH]c(/C=C2\C(=O)Nc3ccc(F)cc32)c1C,8.050609993355087
COc1ccc(NC(=O)Nc2ccc3c(c2)NC(=O)/C3=C\c2[nH]cc(C(=O)O)c2C)cc1,9.096910013008056
O=C(Nc1ccccc1)Nc1ccc2c(c1)NC(=O)/C2=C\c1ccc[nH]1,7.649751981665838
COc1ccc(NC(=O)Nc2ccc3c(c2)NC(=O)/C3=C\c2ccc[nH]2)cc1,7.892790030352131
COc1ccc(NC(=O)Nc2ccc3c(c2)NC(=O)/C3=C\c2ccc[nH]2)cc1OC,7.036212172654444
Cc1ccc(NC(=O)Nc2ccc3c(c2)NC(=O)/C3=C\c2ccc[nH]2)cc1,6.833273944419949
O=C(Nc1ccc(Cl)cc1)Nc1ccc2c(c1)NC(=O)/C2=C\c1ccc[nH]1,8.060480747381382
O=C(Nc1ccc(Oc2ccccc2)cc1)Nc1ccc2c(c1)NC(=O)/C2=C\c1ccc[nH]1,7.167491087293763
O=C(Nc1ccc(-c2ccccc2)cc1)Nc1ccc2c(c1)NC(=O)/C2=C\c1ccc[nH]1,7.055517327849832
O=C(Nc1ccc(-c2ccc3ccccc3c2)cc1)Nc1ccc2c(c1)NC(=O)/C2=C\c1ccc[nH]1,7.886056647693163
Cc1[nH]c(/C=C2\C(=O)Nc3cc(NC(=O)Nc4ccccc4)ccc32)c(C)c1C(=O)O,8.236572006437063
COc1ccc(NC(=O)Nc2ccc3c(c2)NC(=O)/C3=C\c2[nH]c(C)c(C(=O)O)c2C)cc1,7.482804102050026
Cc1ccc(NC(=O)Nc2ccc3c(c2)NC(=O)/C3=C\c2[nH]c(C)c(C(=O)O)c2C)cc1,7.4089353929735005
Cc1[nH]c(/C=C2\C(=O)Nc3cc(NC(=O)Nc4ccc(Cl)cc4)ccc32)c(C)c1C(=O)O,7.376750709602099
Cc1[nH]c(/C=C2\C(=O)Nc3cc(NC(=O)Nc4ccccc4)ccc32)c(C)c1CC(=O)O,7.468521082957745
COc1ccc(NC(=O)Nc2ccc3c(c2)NC(=O)/C3=C\c2[nH]c(C)c(CC(=O)O)c2C)cc1,7.958607314841775
COc1ccc(NC(=O)Nc2ccc3c(c2)NC(=O)/C3=C\c2[nH]c(C)c(CCC(=O)O)c2C)cc1,7.886056647693163
Cc1cc(C(=O)O)[nH]c1/C=C1\C(=O)Nc2cc(NC(=O)Nc3ccccc3)ccc21,6.0
Cc1cc(C(=O)O)[nH]c1/C=C1\C(=O)Nc2cc(NC(=O)Nc3ccc(Cl)cc3)ccc21,6.0
COc1ccc(NC(=O)Nc2ccc3c(c2)NC(=O)/C3=C\c2ccc(C(=O)O)[nH]2)cc1,6.0
COc1ccc(NC(=O)Nc2ccc3c(c2)NC(=O)/C3=C\c2[nH]ccc2-c2ccc(C(=O)O)s2)cc1,6.0
O=C1NCCc2[nH]c(-c3ccncc3)cc21,5.0
O=C(Nc1n[nH]c2cc(C(=O)N[C@H](CN3CCCC3)c3ccccc3)sc12)c1ccc(N2CCOCC2)cc1,7.721246399047171
NC(=O)c1cc(-c2ccnc(N)n2)[nH]c1-c1ccccc1,5.0
COc1cc(O)c2c(c1)/C=C/C[C@@H](O)[C@H](O)C(=O)/C=C\C[C@H](C)OC2=O,9.30102999566398
COc1cc(O)c2c(c1)/C=C/CCCC(=O)C[C@H](Cl)C[C@H](C)OC2=O,4.0
COc1cc(O)c2c(c1)CCCCCC(=O)C[C@H](Cl)C[C@H](C)OC2=O,4.769551078621726
COc1cc(O)c2c(c1)/C=C\CCCC(=O)C[C@H](Cl)C[C@H](C)OC2=O,4.0
COc1cc(O)c2c(c1)/C=C\CCCC(=O)C[C@H](Br)C[C@H](C)OC2=O,4.187086643357144
COc1cc(O)c2c(c1)CCCCCC(=O)/C=C/C[C@H](C)OC2=O,6.142667503568732
CN1CCN(c2ccc(OC(F)(F)F)c(Nc3ncc4c(n3)-c3c(c(C(N)=O)nn3CCO)CC4)c2)CC1,5.0
CNC(=O)c1ncc(C#Cc2cc(C(=O)Nc3ccc(CN4CCN(CCO)CC4)c(C(F)(F)F)c3)ccc2C)n1C,8.585026652029182
CN(C[C@@H]1COCCO1)S(=O)(=O)Nc1ccc2ccc3ncc(-c4cnn(C)c4)cc3c(=O)c2c1,7.107905397309519
CNc1nc2[nH]c(-c3cccc(CNC(=O)COC)n3)cc2c2c1ncn2C,6.443697499232712
CN(C)CCN1CCN(C(=O)c2cc(C(C)(C)C)sc2NC(=O)Nc2cccc(Cl)c2Cl)CCC1=O,4.522878745280337
Cc1ccc(-n2nc(C(C)(C)C)cc2NC(=O)Nc2ccc(OCCN3CCOCC3)c3ccccc23)cc1,6.568636235841013
CN1CCN(c2ccc(OC(F)(F)F)c(Nc3nccc(-c4cc(C(N)=O)cn4C)n3)c2)CC1,5.0
CN1CCN(c2ccc(OC(F)(F)F)c(Nc3nccc(-c4cc5c(n4C)CCNC5=O)n3)c2)CC1,5.0
CN1CCC(COc2ccc3c(Nc4ccc(NC(=O)Nc5cccc(F)c5)cc4)ncnc3c2)CC1,8.017728766960431
COc1cc2ncnc(Nc3cnn(CC(=O)Nc4cccc(F)c4)c3)c2cc1OC,7.292429823902063
COc1cccc(NC(=O)Cn2cc(Nc3ncnc4cc(OC)c(OC)cc34)cn2)c1,7.602059991327962
COc1cc2ncnc(Nc3cnn(CC(=O)Nc4ccc(N(C)C)cc4)c3)c2cc1OC,6.995678626217358
COc1cc2ncnc(Nc3cnn(CC(=O)Nc4ccc(N(C)C)cn4)c3)c2cc1OC,6.343901797987169
COc1cc2ncnc(Oc3cnn(CC(=O)Nc4ccc(N(C)C)cn4)c3)c2cc1OC,7.4089353929735005
COc1cccc(NC(=O)Cn2cc(Oc3ncnc4cc(OC)c(OC)cc34)cn2)c1,9.397940008672036
COCCOc1cc2ncnc(Oc3cnn(CC(=O)Nc4cccc(OC)c4)c3)c2cc1OC,9.69897000433602
COCCOc1cc2c(Oc3cnn(CC(=O)Nc4cccc(OC)c4)c3)ncnc2cc1OC,8.301029995663981
COc1cccc(NC(=O)Cn2cc(Oc3ncnc4cc(OC)c(OCCN5CCCCC5)cc34)cn2)c1,7.508638306165728
COc1cccc(NC(=O)Cn2cc(Oc3ncnc4cc(OCCN5CCCC5)c(OC)cc34)cn2)c1,8.154901959985743
COc1cccc(NC(=O)Cn2cc(Oc3ncnc4cc(OC)cc(OC)c34)cn2)c1,7.522878745280337
COc1cccc(NC(=O)Cn2cc(Oc3ccnc4cc(OC)c(C#N)cc34)cn2)c1,6.549750891680639
COc1cccc(NC(=O)Cn2cc(Oc3ccnc4cc(OC)c(OC)cc34)cn2)c1,7.244125144327507
CCn1cc(NC(=O)Cn2cc(Oc3ncnc4cc(OC)c(OC)cc34)cn2)cn1,7.455931955649724
CCn1cc(NC(=O)Cc2cc(Oc3ccnc4cc(OC)c(OC)cc34)n[nH]2)cn1,5.0
COc1cc2ncnc(Oc3ccc(CC(=O)Nc4ccc(N(C)C)cn4)cc3)c2cc1OC,7.657577319177793
COc1cccc(NC(=O)Cc2ccc(Oc3ncnc4cc(OC)c(OC)cc34)cc2)c1,8.096910013008056
COc1cccc(NC(=O)Cc2ccc(Nc3ncnc4cc(OC)c(OC)cc34)cc2)c1,6.756961951313706
COc1cccc(NC(=O)NCc2ccc(Oc3ncnc4cc(OC)c(OC)cc34)cc2)c1,6.752026733638194
COc1cccc(S(=O)(=O)NCc2ccc(Oc3ncnc4cc(OC)c(OC)cc34)cc2)c1,5.0
COc1cccc(CC(=O)Nc2ccc(Oc3ncnc4cc(OC)c(OC)cc34)cc2)c1,6.679853713888946
COc1cccc(COc2ccc(Oc3ncnc4cc(OC)c(OC)cc34)cc2)c1,6.892790030352132
CCc1cc(NC(=O)Cc2ccc(Oc3ncnc4cc(OC)c(OC)cc34)cc2)n[nH]1,8.301029995663981
CCn1ccc(NC(=O)Cc2ccc(Oc3ncnc4cc(OC)c(OC)cc34)cc2)n1,6.764471553092451
COc1cc2ncnc(Oc3ccc(CC(=O)Nc4cn[nH]c4)cc3)c2cc1OC,5.0
COc1cc2ncnc(Oc3ccc(CC(=O)Nc4cnn(C)c4)cc3)c2cc1OC,6.175874166083451
CCn1cc(NC(=O)Cc2ccc(Oc3ncnc4cc(OC)c(OC)cc34)cc2)cn1,7.537602002101044
CCn1cc(NC(=O)Cc2ccc(Oc3ccnc4cc(OC)c(OC)cc34)cc2)cn1,7.920818753952375
COc1cc2ncnc(Oc3ccc(CC(=O)Nc4cnn(C(C)C)c4)cc3)c2cc1OC,8.096910013008056
COc1cc2ncnc(Nc3ccc(CC(=O)Nc4cnn(C(C)C)c4)cc3)c2cc1OC,6.314258261397736
CC(C)n1c2c(c3c1-c1ccccc1C3=O)C(=O)CCC2,4.455931955649724
COc1c(Nc2ncc(Cl)c(N[C@H]3[C@@H](C(N)=O)[C@@H]4C=C[C@H]3C4)n2)ccc2c1CC[C@@H](N1CCOCC1)CC2,7.318758762624412
CCN1CCC(Nc2ccc3c(c2)C(=C(c2ccc(Cl)cc2)c2ncc[nH]2)C(=O)N3)CC1,8.494850021680094
CC(C)Oc1cc(-n2cnc3ccc(N[C@@H](C)c4ccc(F)cn4)nc32)n[nH]1,7.1938200260161125
Cc1cc(C(=O)Nc2cc(Oc3ccc4nc(NC(=O)C5CC5)cn4n3)ccc2C)n(C)n1,8.958607314841775
CC1(C)CNc2cc(NC(=O)c3cccnc3NCc3ccncc3)ccc21,8.221848749616356
CNC(=O)c1cc(COc2nnc(Nc3ccc(Cl)cc3)c3ccoc23)ccn1,8.397940008672037
CNC(=O)c1cccc2cc(Oc3ccnc4cc(OCC5(N)CC5)c(OC)cc34)ccc12,8.0
COc1cc2nccc(Oc3ccc(NC(=O)NC4CC4)c(Cl)c3)c2cc1C(N)=O,8.2839966563652
COc1cc2nccc(Oc3ccc(NC(=O)Nc4cc(C)on4)c(Cl)c3)c2cc1OC,9.619788758288394
COc1cc2c(Oc3ccc(NC(=O)C4(C(=O)Nc5ccc(F)cc5)CC4)cc3F)ccnc2cc1OCCCN1CCOCC1,8.55284196865778
COc1cc2c(Oc3ccc4[nH]c(C)cc4c3F)ncnc2cc1OCCCN1CCCC1,8.522878745280337
O=C(Nc1ccc(-c2ccnc(Nc3ccc(N4CCOCC4)cc3)n2)cc1)[C@H]1CCCN1,6.2560984495148215
NC(=O)C1=C(N)C(=O)C=C(Nc2ccccc2O)C1=O,8.744727494896694
O=C(Nc1ccc(Nc2ccnc3[nH]c(=O)c4ccccc4c23)cc1)c1ccc(F)cc1C(F)(F)F,6.06198090252379
O=C(Nc1ccc(Nc2ccnc3[nH]c(=O)c4ccccc4c23)cc1)c1ccccc1,6.379863945026242
CCN(CC)CCNC(=O)c1c(C)[nH]c2c1CCC/C2=C1/C(=O)Nc2ccc(F)cc21,8.886056647693163
CN(C)c1ccc(Oc2cc(O)cc(O)c2-c2cc(C(=O)NC3CCN(C4CCC5(CC4)OCCO5)CC3)no2)cc1,8.0
CC(C)Nc1ccc(Oc2cc(O)cc(O)c2-c2cc(C(=O)NC3CCN(C)CC3)no2)cc1,8.0
CN1CCC(NC(=O)c2cc(-c3c(O)cc(O)cc3Oc3ccc(N(C)C)cc3)on2)CC1,8.0
CN1CCC(NC(=O)c2cc(-c3c(O)cc(O)cc3Oc3ccc([N+](=O)[O-])cc3)on2)CC1,8.0
C[C@H](Nc1nc(Nc2cn(C)cn2)c2cc[nH]c2n1)c1ncc(F)cn1,7.397940008672037
CC(C)(C)CNC(=O)CC1CNC(=O)c2cc(-c3ccsc3)cn21,5.0
CN1CCN(C[C@@H](NC(=O)C[C@H]2CNC(=O)c3cc(-c4cccc(Cl)c4)cn32)C2CCCCC2)CC1,5.0
CNc1cc2ccc(C#CCOc3ccc(CN4CCNCC4)c(C(F)(F)F)c3)cc2cn1,7.522878745280337
Nc1nc2c3c(F)cccc3nc(Cc3ccc4c(c3)OCO4)n2n1,5.0
Nc1ccc2c(c1)nc(Cc1ccc3c(c1)OCO3)n1nc(N)nc21,5.0
OCCCNc1ccc2c(c1)nc(-c1ccc3c(c1)OCO3)n1ncnc21,5.0
Nc1nc2c3ccc(NCCO)cc3nc(Cc3ccc4c(c3)OCO4)n2n1,5.0
CN1CCN(c2cc(F)c3c(c2)nc(Cc2ccc4c(c2)OCO4)n2nc(N)nc32)CC1,5.0
O=C(Nc1nc2cccc(-c3ccc(CN4CCS(=O)(=O)CC4)cc3)n2n1)C1CC1,6.562249437179612
COC(=O)c1ccc2c(c1)NC(=O)/C2=C(\Nc1ccc(N(C)C(=O)CN2CCN(C)CC2)cc1)c1ccccc1,7.886056647693163
[2H]C([2H])([2H])Oc1cc2nccc(Oc3ccc(NC(=O)Nc4cc(C)on4)c(Cl)c3)c2cc1OC([2H])([2H])[2H],8.341988603342887
CO[C@H]1CC[C@H](N2C(=O)CNc3ncc(-c4ccc(C(C)(C)O)nc4)nc32)CC1,6.186419011431808
O=C(Nc1ccc(Nc2ncnc3ccccc23)cc1)Nc1cccc(Br)c1,7.327902142064283
O=C(Nc1ccc(Nc2ncnc3sc4c(c23)CCCC4)cc1)Nc1cccc(Br)c1,6.376750709602099
COc1cc2ncnc(Oc3ccc(NC(=O)Nc4cccc(Br)c4)cc3)c2cc1OC,8.045757490560675
O=C(Nc1ccc(Oc2ncnc3ccccc23)cc1)Nc1cccc(Br)c1,8.154901959985743
O=C(Nc1ccc(Oc2ncnc3sccc23)cc1)Nc1cccc(Br)c1,8.221848749616356
O=C(O)C1CN(Cc2ccc(OCc3ccc(Cl)c(Cl)c3)cc2)C1,5.0
Cn1c(=O)c(S(=O)(=O)c2ccc(F)cc2F)cc2cnc(Nc3ccc4[nH]ccc4c3)nc21,5.0
CC(C)n1nc(-c2cc(C3CC3)on2)c2c(N)ncnc21,7.142667503568732
Cn1ccnc1-c1cc2c(Oc3ccc(NC(=S)NC(=O)Cc4ccccc4)cc3F)ccnc2s1,8.397940008672037
CC1=[N+](c2ccccc2)C(=O)C(C(=O)Nc2ccc(Oc3ccc4nc(NC(=O)C5CC5)cn4c3)c(F)c2)C=C1,8.259637310505756
CN1CCN(c2ccc(-c3cnc4ccccc4c3)cc2NC(=O)c2c[nH]c(=O)cc2C(F)(F)F)CC1,6.221848749616356
CN1CCN(c2ccc(C(=O)Nc3n[nH]c4ccc(Cc5cc(F)cc(F)c5)cc34)c(NC3CCOCC3)c2)CC1,6.0
CN1C(=O)COc2c1cnc1ccc(Sc3nnc4c(F)cc(-c5cnn(C)c5)cn34)cc21,4.522878745280337
CNC(=O)c1ccccc1Sc1ccc2c(CCc3ccccn3)n[nH]c2c1,10.0
CCn1c(N)c(C(=O)NC)c(=O)c2ccc(C#CC(C)(C)O)nc21,7.638272163982407
CCn1c(N)c(C(=O)NC)c(=O)c2ccc(C#CC3(O)CCCC3)nc21,7.337242168318426
CCn1c(N)c(C(=O)NC)c(=O)c2ccc(C#CC(O)C3CC3)nc21,7.431798275933005
CCn1c(N)c(C(=O)NC)c(=O)c2ccc(C#CC3(O)CCC3)nc21,7.67778070526608
CNC(=O)c1c(N)n(CCOC)c2nc(C#CC(C)(O)COC)ccc2c1=O,6.590066876668706
CCn1c(N)c(C(=O)NC)c(=O)c2ccc(C#CC(C)(O)c3cccc(OC)c3)nc21,8.221848749616356
CNC(=O)c1c(N)n(C2CCOCC2)c2nc(C#CC(C)(O)COC)ccc2c1=O,7.468521082957745
CNC(=O)c1c(N)n(CC2CCCO2)c2nc(C#CC(C)(C)O)ccc2c1=O,7.397940008672037
CNC(=O)c1c(N)n(Cc2ccccn2)c2nc(C#CC(C)(O)COC)ccc2c1=O,7.187086643357144
CCn1c(N)c(C(=O)NC)c(=O)c2ccc(C#CC(C)(O)CO)nc21,7.366531544420414
CCn1c(N)c(C(=O)NC)c(=O)c2ccc(C#CC(C)(O)c3ccccc3)nc21,7.853871964321762
CNC(=O)c1c(N)n(C2CCCCC2)c2nc(C#CC(C)(O)COC)ccc2c1=O,8.301029995663981
CCn1c(N)c(C(=O)NC)c(=O)c2ccc(C#CC(C)(O)COC)nc21,7.638272163982407
CCn1c(N)c(C(=O)NC)c(=O)c2ccc(C#CC(C)(O)c3ccsc3)nc21,8.698970004336019
COc1cc(N2CCNCC2)ccc1Nc1ncc(C(F)(F)F)c(CCc2ccccc2CC(N)=O)n1,6.560667306169737
COc1cc(C2CCN(C)CC2)ccc1Nc1ncc(C(F)(F)F)c(CCc2ccccc2CC(N)=O)n1,6.269217724333611
COc1cc(C2CCN(C)CC2)ccc1Nc1ncc(C(F)(F)F)c(CCc2cccc(C(N)=O)c2)n1,4.981299501333757
CCN1CCC(c2ccc(Nc3ncc(C(F)(F)F)c(Cc4ccccc4C(N)=O)n3)c(OC)c2)CC1,4.877456475931246
NC(=O)Cc1ccccc1CCc1nc(Nc2ccc(C3CCNCC3)cc2OC(F)(F)F)ncc1C(F)(F)F,4.180456064458132
CN1CCC(c2ccc(Nc3ncc(C(F)(F)F)c(CCc4ccccc4CC(N)=O)n3)c(OC(F)(F)F)c2)CC1,4.223567609808054
Cc1cc(C2CCN(C)CC2)ccc1Nc1ncc(C(F)(F)F)c(CCc2ccccc2CC(N)=O)n1,6.619788758288394
CN1CCC(c2ccc(Nc3ncc(C(F)(F)F)c(CCc4ccccc4CC(N)=O)n3)c(F)c2)CC1,6.688246138944246
CCC(C(N)=O)c1ccccc1CCc1nc(Nc2ccc(C3CCNCC3)cc2)ncc1C(F)(F)F,7.040958607678906
CC[C@@H](C(N)=O)c1ccccc1CCc1nc(Nc2ccc(C3CCNCC3)cc2)ncc1C(F)(F)F,6.987162775294828
CC[C@H](C(N)=O)c1ccccc1CCc1nc(Nc2ccc(C3CCNCC3)cc2)ncc1C(F)(F)F,7.1249387366083
NC(=O)C1(c2ccccc2CCc2nc(Nc3ccc(C4CCNCC4)cc3)ncc2C(F)(F)F)CC1,8.0
CN1CCC(c2ccc(Nc3ncc(C(F)(F)F)c(CCc4ccccc4C4(C(N)=O)CC4)n3)cc2)CC1,8.045757490560675
NC(=O)C1(c2ccccc2CCc2nc(Nc3ccc(C4CNC4)cc3)ncc2C(F)(F)F)CC1,7.657577319177793
NC(=O)C1(c2ccccc2CCc2nc(Nc3ccc(C4CCNCC4)nc3)ncc2C(F)(F)F)CC1,7.552841968657781
NC(=O)C1(c2ccccc2CCc2nc(Nc3cccnc3)ncc2Cl)CC1,8.096910013008056
NC(=O)C1(c2ccccc2CCc2nc(Nc3ccc(C4CCNCC4)cc3)ncc2Cl)CC1,8.0
CN1CCC(c2ccc(Nc3ncc(Cl)c(CCc4ccccc4C4(C(N)=O)CC4)n3)cc2)CC1,8.0
NC(=O)C1(c2ccccc2CCc2nc(Nc3ccc(C(F)(F)F)nc3)ncc2Cl)CC1,7.585026652029182
NC(=O)C1(c2ccccc2CCc2nc(Nc3cncnc3)ncc2Cl)CC1,7.4089353929735005
Cn1cc(Nc2ncc(Cl)c(CCc3ccccc3C3(C(N)=O)CC3)n2)cn1,8.397940008672037
NC(=O)C1(c2ccccc2CCc2nc(Nc3cnn(C4CNC4)c3)ncc2Cl)CC1,8.221848749616356
NC(=O)C1(c2ccccc2CCc2nc(Nc3ccc(C4CCNCC4)nc3)ncc2Cl)CC1,7.958607314841775
CN1CCC(c2ccc(Nc3ncc(Cl)c(CCc4ccccc4C4(C(N)=O)CC4)n3)cn2)CC1,9.0
NC(=O)C1(c2ccccc2CCc2nc(Nc3cnn(C4CCNCC4)c3)ncc2Cl)CC1,8.045757490560675
CN1CCC(n2cc(Nc3ncc(Cl)c(CCc4ccccc4C4(C(N)=O)CC4)n3)cn2)CC1,8.522878745280337
NC(=O)C1(c2ccccc2CCc2nc(Nc3cn[nH]c3)ncc2Cl)CC1,8.522878745280337
NC(=O)C1(c2ccccc2CCc2nc(Nc3cnn(C4CCNC4)c3)ncc2Cl)CC1,8.154901959985743
CN1CCC(n2cc(Nc3ncc(Cl)c(CCc4ccccc4C4(C(N)=O)CC4)n3)cn2)C1,8.154901959985743
NC(=O)C1(c2ccccc2CCc2nc(Nc3ccnnc3)ncc2Cl)CC1,7.698970004336019
NC(=O)C1(c2ccccc2CCc2nc(Nc3ccccc3)ncc2Cl)CC1,7.958607314841775
CC(NC(=O)OC(C)(C)C)c1ccc(Nc2ncc(Cl)c(CCc3ccccc3C3(C(N)=O)CC3)n2)cc1,8.698970004336019
CC(N)c1ccc(Nc2ncc(Cl)c(CCc3ccccc3C3(C(N)=O)CC3)n2)cc1,7.853871964321762
Cc1n[nH]cc1Nc1ncc(Cl)c(CCc2ccccc2C2(C(N)=O)CC2)n1,8.154901959985743
Cc1nn(C)cc1Nc1ncc(Cl)c(CCc2ccccc2C2(C(N)=O)CC2)n1,7.920818753952375
Cc1cc(Nc2ncc(Cl)c(CCc3ccccc3C3(C(N)=O)CC3)n2)n[nH]1,7.327902142064283
Cn1ccc(Nc2ncc(Cl)c(CCc3ccccc3C3(C(N)=O)CC3)n2)n1,6.571865205971212
NC(=O)C1(c2ccccc2CCc2nc(Nc3cnn(CC(F)(F)F)c3)ncc2Cl)CC1,8.096910013008056
CC(C)n1cc(Nc2ncc(Cl)c(CCc3ccccc3C3(C(N)=O)CC3)n2)cn1,8.397940008672037
[C-]#[N+]c1ccc(Nc2ncc(Cl)c(CCc3ccccc3C3(C(N)=O)CC3)n2)cn1,7.318758762624412
CC(=O)c1ccc(Nc2ncc(Cl)c(CCc3ccccc3C3(C(N)=O)CC3)n2)cn1,7.356547323513813
CC(N)c1ccc(Nc2ncc(Cl)c(CCc3ccccc3C3(C(N)=O)CC3)n2)cn1,7.221848749616356
NC(=O)C1(c2ccccc2CCc2nc(Nc3cnn(CC(F)F)c3)ncc2Cl)CC1,8.154901959985743
CC(C(N)=O)c1ccccc1CCc1nc(Nc2cn[nH]c2)ncc1Cl,8.045757490560675
CC(C(N)=O)c1ccccc1CCc1nc(Nc2cnn(C)c2)ncc1Cl,7.795880017344075
CC(C(N)=O)c1ccccc1CCc1nc(Nc2ccc(C3CCNCC3)nc2)ncc1Cl,7.508638306165728
CC(C(N)=O)c1ccccc1CCc1nc(Nc2ccc(C3CCN(C)CC3)nc2)ncc1Cl,7.494850021680094
CC(C(N)=O)c1ccccc1CCc1nc(Nc2cccnc2)ncc1Cl,7.356547323513813
CC(C(N)=O)c1ccccc1CCc1nc(Nc2cncnc2)ncc1Cl,6.795880017344075
Cc1ccc(Nc2ncc(Cl)c(CCc3ccccc3C(C)C(N)=O)n2)cn1,7.346787486224656
CC(C(N)=O)c1ccccc1CCc1nc(Nc2ccnnc2)ncc1Cl,6.812479279163537
CC(C(N)=O)c1ccccc1CCc1nc(Nc2cnn(C3CCNCC3)c2)ncc1Cl,7.920818753952375
CC(C(N)=O)c1ccccc1CCc1nc(Nc2cnn(C3CCN(C)CC3)c2)ncc1Cl,8.045757490560675
Cn1cc(Nc2ncc(Cl)c(CCc3ccccc3C(C)(C)C(N)=O)n2)cn1,8.522878745280337
Cc1cnc(Nc2cn[nH]c2)nc1CCc1ccccc1C1(C(N)=O)CC1,7.886056647693163
Cc1cnc(Nc2cnn(C)c2)nc1CCc1ccccc1C1(C(N)=O)CC1,8.301029995663981
Cc1cnc(Nc2cnn(C3CCN(C)CC3)c2)nc1CCc1ccccc1C1(C(N)=O)CC1,7.920818753952375
Cc1cnc(Nc2ccc(C3CCN(C)CC3)nc2)nc1CCc1ccccc1C1(C(N)=O)CC1,7.638272163982407
Cc1cnc(Nc2ccc(C(C)N)cc2)nc1CCc1ccccc1C1(C(N)=O)CC1,7.337242168318426
Cc1cnc(Nc2cnn(C)c2)nc1CCc1ccccc1C(C)C(N)=O,7.823908740944319
Cc1cnc(Nc2cnn(C)c2)nc1CCc1ccccc1[C@@H](C)C(N)=O,7.602059991327962
Cc1cnc(Nc2cnn(C)c2)nc1CCc1ccccc1[C@H](C)C(N)=O,7.387216143280264
O=C(O)C1(c2ccccc2CCc2nc(Nc3ccc(C4CCNCC4)cc3)ncc2C(F)(F)F)CCC1,7.638272163982407
NC(=O)C1(c2cccc(CCc3nc(Nc4cnn(C5CCNCC5)c4)ncc3C(F)(F)F)c2)CC1,6.642065152999546
CC(C(N)=O)c1ccccc1CCc1nc(Nc2cn[nH]c2)ncc1C(F)(F)F,7.769551078621726
CC(C(N)=O)c1ccccc1CCc1nc(Nc2cnn(C)c2)ncc1C(F)(F)F,7.823908740944319
CC(C(N)=O)c1ccccc1CCc1nc(Nc2cnn(C3CCNCC3)c2)ncc1C(F)(F)F,7.568636235841013
C[C@@H](C(N)=O)c1ccccc1CCc1nc(Nc2cnn(C3CCNCC3)c2)ncc1C(F)(F)F,7.508638306165728
C[C@H](C(N)=O)c1ccccc1CCc1nc(Nc2cnn(C3CCNCC3)c2)ncc1C(F)(F)F,7.031517051446065
CC(C(N)=O)c1ccccc1CCc1nc(Nc2cnn(C3CCN(C)CC3)c2)ncc1C(F)(F)F,7.568636235841013
CC(=O)N1CCC(n2cc(Nc3ncc(C(F)(F)F)c(CCc4ccccc4C(C)C(N)=O)n3)cn2)CC1,7.657577319177793
CCN1CCC(n2cc(Nc3ncc(C(F)(F)F)c(CCc4ccccc4C(C)C(N)=O)n3)cn2)CC1,7.0655015487564325
CC(C(N)=O)c1ccccc1CCc1nc(Nc2cnn(C3CCN(C(C)C)CC3)c2)ncc1C(F)(F)F,7.050609993355088
COc1ccc(Nc2ncc(C(F)(F)F)c(CCc3ccccc3C(C)C(N)=O)n2)cn1,6.928117992693875
CN(c1ccc(C2CCNCC2)nc1)c1ncc(C(F)(F)F)c(CCc2ccccc2C(N)C(N)=O)n1,6.308034897232639
CC(C(N)=O)c1ccccc1CCc1nc(Nc2ccc(C3CCN(C)CC3)nc2)ncc1C(F)(F)F,7.552841968657781
COc1ccc(Nc2ncc(C(F)(F)F)c(CCc3ccccc3C3(C(N)=O)CC3)n2)cn1,8.096910013008056
Cn1cc(Nc2ncc(C(F)(F)F)c(CCc3ccccc3C3(C(N)=O)CC3)n2)cn1,8.522878745280337
NC(=O)C1(c2ccccc2CCc2nc(Nc3cnn(C4CCNCC4)c3)ncc2C(F)(F)F)CC1,8.154901959985743
CN1CCC(n2cc(Nc3ncc(C(F)(F)F)c(CCc4ccccc4C4(C(N)=O)CC4)n3)cn2)CC1,8.154901959985743
CN1CCC(c2ccc(Nc3ncc(C(F)(F)F)c(CCc4ccccc4C4(C(N)=O)CC4)n3)cn2)CC1,7.200659450546418
CC(NC(=O)OC(C)(C)C)c1ccc(Nc2ncc(C(F)(F)F)c(CCc3ccccc3C3(C(N)=O)CC3)n2)cc1,7.1938200260161125
CC(N)c1ccc(Nc2ncc(C(F)(F)F)c(CCc3ccccc3C3(C(N)=O)CC3)n2)cc1,7.657577319177793
CC(=O)NC(C)c1ccc(Nc2ncc(C(F)(F)F)c(CCc3ccccc3C3(C(N)=O)CC3)n2)cc1,8.0
NC(=O)C1(c2ccccc2CCc2nc(Nc3cnn(CCO)c3)ncc2Cl)CC1,8.397940008672037
COCCn1cc(Nc2ncc(Cl)c(CCc3ccccc3C3(C(N)=O)CC3)n2)cn1,8.522878745280337
C[C@@H](C(N)=O)c1ccccc1CCc1nc(Nc2cnn(C3CCN(C)CC3)c2)ncc1C(F)(F)F,7.42021640338319
C[C@H](C(N)=O)c1ccccc1CCc1nc(Nc2cnn(C3CCN(C)CC3)c2)ncc1C(F)(F)F,7.721246399047171
NC(=O)c1c(OCc2c(F)cc(Br)cc2F)nsc1NC(=O)NCCCCN1CCCC1,7.266000713461613
COC(=O)c1ccc2c(c1)NC(=O)/C2=C(\Nc1ccc(-n2cccc2CN(C)C)cc1)c1ccccc1,8.017728766960431
CNC(=O)c1cccc2cc(Oc3ccnc4cc(OCC5(N)CC5)c(OC)cc34)ccc12,8.0
COc1cc(O)c2c(c1)CCC[C@H](O)[C@H](O)C(=O)CCC[C@H](C)OC2=O,6.941194513324093
COc1cc(O)c2c(c1)CCC[C@H](O)[C@H](O)C(=O)/C=C\C[C@H](C)OC2=O,8.94692155651658
Cc1cc(NC(=O)Nc2ccc(-c3ccnc4[nH]nc(C)c34)cc2)ccc1N1CCOCC1,7.142667503568732
Cc1cccc(NC(=O)Nc2ccc(-c3ccnc4[nH]nc(C)c34)cc2)c1,6.424812155072339
C=CC(=O)N1CCN(CCCn2c(=O)c(-c3c(Cl)c(OC)cc(OC)c3Cl)cc3cnc(NC)nc32)CC1,6.3872161432802645
CN(C)C(=O)c1cc2cnc(Nc3ccc(NC(=O)CCCCCCC(=O)NO)cc3)nc2n1C1CCCC1,7.366531544420414
CC(C)(C)c1cc(NC(=O)Nc2ccc(-n3nc(-c4ccc(OCCN5CCOCC5)cc4)c4c(N)ncnc43)cc2)no1,6.85078088734462
COC(=O)c1ccc2c(c1)NC(=O)/C2=C(\Nc1ccc2[nH]c(C(=O)N3CCN(C)CC3)cc2c1)c1ccccc1,7.739928612014925
C=CC(=O)Nc1ccc(-c2ccc(NC(=O)Nc3cccc(Cl)c3)cc2)cn1,7.346787486224656
Nc1n[nH]c2cccc(-c3ccc(NC(=S)Nc4cc(Br)ccc4OC(F)(F)F)cc3)c12,7.431798275933005
CN1CCN(Cc2ccc(NC(=O)c3n[nH]cc3Nc3ncnc4sccc34)cc2)CC1,8.346787486224656
Cc1nc2c(c(Nc3c[nH]nc3C(=O)Nc3ccc(N4CCNCC4)cc3)n1)CCC2,7.638083381331357
CCCNC(=O)c1cc(Oc2ccc(NC(=O)c3cc4cccnc4n(-c4ccc(F)cc4)c3=O)cc2)ccn1,7.627087997029894
Cc1c2ccc(N(C)c3ccnc(Nc4ccc(C(=O)NCCCCCCC(=O)NO)cc4)n3)cc2nn1C,6.94692155651658
Cc1c2ccc(N(C)c3ccnc(Nc4ccc(C(=O)Nc5ccccc5N)cc4)n3)cc2nn1C,7.337242168318426
O=C(Cc1cccc(OCCCN2CCNCC2)c1)Nc1nc(-c2ccncc2)cs1,6.0
CCn1cc(-c2ccc3c(c2)CCN3C(=O)Cc2cccc(OC(F)(F)F)c2)c2c(N)ncnc21,7.698970004336019
COc1cc2c(Oc3ccc(NC(=O)c4cc5cccnc5n(-c5ccc(F)cc5)c4=O)cc3F)ccnc2cc1OCCCN1CCN(C)CC1,6.737311655698304
CNC(=O)c1ccccc1Sc1ccc2c(/C=C/c3ccccn3)n[nH]c2c1,10.0
COc1cc2nccc(Oc3ccc(NC(=O)C4(C(=O)Nc5ccc(F)cc5)CC4)cc3)c2cc1OC,8.221848749616356
Cc1cnc(Nc2ccc(N3CCC(N(C)CCO)CC3)c(F)c2)nc1-c1cnn(C(C)C)c1,8.096910013008056
COc1cccc(NC(=O)N2CCCc3cc(Nc4ncnc5cc(OC)c(OC)cc45)ccc32)c1,7.847711655616943
COc1cc2ncnc(Nc3ccc4c(c3)CCCN4C(=O)Nc3cccc(Cl)c3)c2cc1OC,8.10790539730952
COc1cc2ncnc(Nc3ccc4c(c3)CCCN4C(=O)Nc3ccc(C(C)=O)cc3)c2cc1OC,7.761953896871205
COc1cc(O)c2c(c1)-c1cccc(c1)[C@@H](O)[C@H](O)[C@@H](N)/C=C\C[C@H](C)OC2=O,5.0
COc1cc(O)c2c(c1)-c1cccc(c1)[C@@H](O)[C@H](O)[C@H](O)/C=C\C[C@H](C)OC2=O,5.0
COc1cc(O)c2c(c1)-c1cccc(c1)CCC(=O)/C=C\C[C@H](C)OC2=O,7.568636235841013
COc1cc(O)c2c(c1)-c1cccc(c1)[C@H](O)[C@@H](O)C(=O)CCC[C@H](C)OC2=O,6.721246399047171
COc1cc(O)c2c(c1)-c1cccc(c1)[C@H](O)[C@@H](O)C(=O)/C=C\C[C@H](C)OC2=O,8.036212172654444
COc1cc(O)c2c(c1)-c1cccc(c1)[C@@H](O)[C@H](O)C(=O)CCC[C@H](C)OC2=O,5.0
C=C1/C=C\C[C@H](C)OC(=O)c2c(O)cc(OC)cc2-c2cccc(c2)[C@@H](O)[C@@H]1O,5.0
COc1cc(O)c2c(c1)-c1cccc(c1)[C@@H](O)[C@H](O)C(=O)C/C=C/[C@H](C)OC2=O,8.00436480540245
COc1cc(O)c2c(c1)-c1cccc(c1)[C@@H](O)[C@H](O)C(=O)/C=C\C[C@H](C)OC2=O,8.958607314841775
COc1cc(O)c2c(c1)-c1cccc(c1)[C@H](O)[C@H](O)C(=O)/C=C\C[C@H](C)OC2=O,7.638272163982407
CCn1c(N)c(C(=O)NC)c(=O)c2ccc(C#C[C@@](C)(O)COC)nc21,8.920818753952375
COC[C@@H](C)Nc1cc(NC(=O)N2CCCc3cc(CN4CCCCOC4=O)c(C=O)nc32)ncc1C#N,5.0
CN(CCc1ccc(-c2ccccc2)cc1)Cc1cn(C)c2ccc(C(=O)Nc3ccc(F)cc3)cc12,4.0
COc1cc2ncnc3c2cc1OCCCCCN(C)Cc1ccc(Br)cc1N3,7.958607314841775
C[C@@H]1CN(C(=O)CCCC(=O)N2C[C@@H](C)c3c2cc(O)c2ccccc32)c2cc(O)c3ccccc3c21,5.0
Cn1cc(-c2ccc(F)cc2)c(=O)c2c(Nc3ccc(Oc4ccnc(NC(=O)C5CC5)c4)c(F)c3)nccc21,6.228412519118745
C[C@@H]1C[C@H]1C(=O)N1CCN(c2cnc(C#N)c(-c3cnn(C)c3)n2)C[C@H]1C,4.0
CC(C)(O)COc1ccc2c(Oc3ccc(Nc4nccc5[nH]cc(-c6ccccc6)c(=O)c45)cc3F)ccnc2c1,6.935542010773082
COc1cc2nccc(Oc3ccc(NC(=O)C(OC(=O)c4ccc(F)cc4)C(C)(C)C)cc3F)c2cc1OC,6.267606240177032
CNC(=O)c1cc(-n2ccc3cc(NC(=O)Nc4ccc(N5CCN(C)CC5)c(C(F)(F)F)c4)ccc32)ccn1,7.019088062223156
CC(C)(C)c1cc(NC(=O)Nc2ccc(Nc3ncnc4c3OCCCN4)cc2)no1,8.221848749616356
O=C1Nc2ccc(F)cc2/C1=C1/Nc2ccccc2/C1=N\OCCN1CCNCC1,7.623423042943488
COCC/C(=N\S(=O)(=O)Cc1ccc(Cl)cc1)Nc1ccc(Oc2ccnc3cc(OCCCN4CCOCC4)c(OC)cc23)c(F)c1,6.446116973356125
CN1CCN(c2ccc(-c3cc4c(N5CCN(C(=O)Nc6ccc(Cl)c(C(F)(F)F)c6)CC5)ncnc4s3)cc2)CC1,6.95703092660682
Cc1cc(C)c(-n2ccn3nc(-c4cccnc4)cc23)cc1NC(=O)c1cc(C#N)cc(S(F)(F)(F)(F)F)c1,6.356547323513813
CN1C(=O)[C@@H](N2CCc3cn(Cc4ccccc4)nc3C2=O)COc2ccccc21,6.0
CN1C(=O)[C@@H](N2CCc3c(nn(Cc4ccccc4)c3Br)C2=O)COc2ccccc21,6.0
CN1C(=O)[C@@H](N2CCc3cn(CC4CCS(=O)(=O)CC4)nc3C2=O)COc2ccccc21,6.0
O=C(NCCCNc1cc(-c2cn(-c3ccccc3)nc2-c2cccc(O)c2)ccn1)Nc1ccc(F)cc1,6.101823516502323
COc1cc2ncc(-c3cccc(NC4CCNC4)n3)n2cc1-c1cnn(C)c1,9.0
CNC(=O)c1cc(Oc2ccc(NC(=O)Nc3ccc(Cl)c(C(F)(F)F)c3)c(F)c2)ccn1,7.337242168318426
COc1cc2nccc(Oc3ccc(NC(=O)C4(C(=O)NC5CC5)CC4)c(Cl)c3)c2cc1C(N)=O,8.2839966563652
COC(=O)c1ccc2c(C(Nc3ccc(N(C)C(=O)CN4CCN(C)CC4)cc3)c3ccccc3)c(O)[nH]c2c1,8.397940008672037
O=C1c2ccc(-c3cnc4[nH]ccc4c3)cc2OCCN1Cc1ccc(F)cc1,7.522878745280337
Cc1cc(CS(=O)(=O)c2ccccc2)cc(OCc2ccc(CN3CCC[C@@H]3CO)cc2)c1,5.0
Cc1cc(OCc2ccc(CN3CCC[C@@H]3CO)cc2)cc(CS(=O)(=O)c2ccccc2)c1Br,5.0
Cn1cc(-c2ccc3c(c2)ncn3-c2cc(NS(=O)(=O)C3CC3)cc(-c3ccc(F)cc3F)c2)cn1,8.301029995663981
Nc1cc(Oc2ccc3c(C(=O)Nc4ccc(F)c(C(F)(F)F)c4)cccc3c2)ncn1,6.628932137728264
Nc1nccc(Oc2ccc3c(C(=O)Nc4ccc(F)c(C(F)(F)F)c4)cccc3c2)n1,6.752026733638194
Nc1cc(Oc2ccc3c(C(=O)Nc4cccc(C(F)(F)F)c4)cccc3c2)ncn1,7.301029995663981
Nc1nccc(Oc2ccc3c(C(=O)Nc4cccc(C(F)(F)F)c4)cccc3c2)n1,6.376750709602099
O=C(c1cccc(CNc2n[nH]c3cccc(Cl)c23)c1)N1CCN(C(=O)c2ccc(Cl)cc2Cl)CC1,6.373454340972871
Cc1ccc(Nc2nccc(N(C)c3ccc4c(C)n(C)nc4c3)n2)cc1-c1nc2c(C(N)=O)cccc2[nH]1,6.30189945437661
COc1ccc(Nc2nccc(-c3cn(C)c4ccccc34)n2)cc1OCCOCCn1ccnc1[N+](=O)[O-],6.644740094472621
COc1cc2c(Oc3ccc(NC(=O)NC4CC4)c(Cl)c3)ncnc2cc1OCCCN1CCCC1,7.767003889607846
COc1cc2c(Oc3ccc(NC(=O)NC4CCC4)c(Cl)c3)ncnc2cc1OCCCN1CCCC1,8.3767507096021
COc1cc2c(Oc3ccc(NC(=O)NC4CCCC4)c(Cl)c3)ncnc2cc1OCCCN1CCCC1,8.235077015350111
COc1cc2c(Oc3ccc(NC(=O)NC4CCCCC4)c(Cl)c3)ncnc2cc1OCCCN1CCCC1,7.962573502059376
CCCCNC(=O)Nc1ccc(Oc2ncnc3cc(OCCCN4CCCC4)c(OC)cc23)cc1Cl,9.267606240177033
COc1cc2c(Oc3ccc(NC(=O)NC(C)(C)C)c(Cl)c3)ncnc2cc1OCCCN1CCCC1,6.993876393788145
COc1cc2c(Oc3ccc(NC(=O)NCc4ccncc4)c(Cl)c3)ncnc2cc1OCCCN1CCCC1,7.31695296176115
COc1cc2c(Oc3ccc(NC(=O)Nc4ccncc4)c(Cl)c3)ncnc2cc1OCCCN1CCCC1,7.935542010773082
COc1cc2c(Oc3ccc(NC(=O)NCc4ccccc4)c(Cl)c3)ncnc2cc1OCCCN1CCCC1,8.987162775294827
COc1cc2c(Oc3ccc(NC(=O)Nc4ccc(C(F)(F)F)cc4)c(Cl)c3)ncnc2cc1OCCCN1CCCC1,8.378823718224965
COc1cc2c(Oc3ccc(NC(=O)Nc4ccc(C)cc4)c(Cl)c3)ncnc2cc1OCCCN1CCCC1,9.4089353929735
COc1cc2c(Oc3ccc(NC(=O)Nc4ccc(-c5ccccc5)cc4)c(Cl)c3)ncnc2cc1OCCCN1CCCC1,8.910094888560602
COc1ccc(NC(=O)Nc2ccc(Oc3ncnc4cc(OCCCN5CCCC5)c(OC)cc34)cc2Cl)c(OC)c1,9.060480747381382
COc1cc2c(Oc3ccc(NC(=O)NCc4ccc(F)cc4)c(Cl)c3)ncnc2cc1OCCCN1CCCC1,8.943095148663527
COc1cc2c(Oc3ccc(NC(=O)Nc4cccc(F)c4)c(Cl)c3)ncnc2cc1OCCCN1CCCC1,8.6903698325741
COc1cc2c(Oc3ccc(NC(=O)Nc4cc(C)ccc4F)c(Cl)c3)ncnc2cc1OCCCN1CCCC1,9.236572006437065
COc1cc2c(Oc3ccc(NC(=O)Nc4ccc(C)c(F)c4)c(Cl)c3)ncnc2cc1OCCCN1CCCC1,9.744727494896694
COc1cc2c(Oc3ccc(NC(=O)Nc4ccccc4F)c(Cl)c3)ncnc2cc1OCCCN1CCCC1,8.467245621007502
COc1cc2c(Oc3ccc(NC(=O)Nc4ccc(Br)cc4F)c(Cl)c3)ncnc2cc1OCCCN1CCCC1,8.448550002027124
COc1cc2c(Oc3ccc(NC(=O)Nc4ccc(Cl)c(C(F)(F)F)c4)c(Cl)c3)ncnc2cc1OCCCN1CCCC1,8.047207556955907
COc1cc2c(Oc3ccc(NC(=O)NCc4ccc(C#N)cc4)c(Cl)c3)ncnc2cc1OCCCN1CCCC1,7.316052869248488
COc1cc2c(Oc3ccc(NC(=O)Nc4cccc(C(F)(F)F)c4)c(Cl)c3)ncnc2cc1OCCCN1CCCC1,9.3767507096021
COc1cc2c(Oc3ccc(NC(=O)Nc4ccc(OC(F)(F)F)cc4)c(Cl)c3)ncnc2cc1OCCCN1CCCC1,9.455931955649724
COc1cc2c(Oc3ccc(NC(=O)Nc4cccc(OC(F)(F)F)c4)c(Cl)c3)ncnc2cc1OCCCN1CCCC1,8.478861916295964
COc1cc2c(Oc3ccc(NC(=O)Nc4cnn(C(C)C)c4)c(Cl)c3)ncnc2cc1OCCCN1CCCC1,9.42021640338319
COc1cc2c(Oc3ccc(NC(=O)Nc4ccc5c(ccn5C)c4)c(Cl)c3)ncnc2cc1OCCCN1CCCC1,9.236572006437065
COc1cc2c(Oc3ccc(NC(=O)Nc4ccc5occc5c4)c(Cl)c3)ncnc2cc1OCCCN1CCCC1,9.096910013008056
COc1cc2c(Oc3ccc(NC(=O)Nc4cc(C)on4)c(Cl)c3)ncnc2cc1OCCCN1CCCC1,8.30715308072277
COc1cc2c(Oc3ccc(NC(=O)Nc4cccc5c4oc4ccccc45)c(Cl)c3)ncnc2cc1OCCCN1CCCC1,8.60906489289662
COc1cc2c(Oc3ccc(NC(=O)Nc4ccnn4C)c(Cl)c3)ncnc2cc1OCCCN1CCCC1,6.300162274132754
COc1cc2c(Oc3ccc(NC(=O)Nc4cnn(C)c4)c(Cl)c3)ncnc2cc1OCCCN1CCCC1,7.779891911959945
COc1cc2c(Oc3ccc(NC(=O)Nc4ccnn4C4CCCC4)c(Cl)c3)ncnc2cc1OCCCN1CCCC1,8.292429823902063
COc1cc2c(Oc3ccc(NC(=O)Nc4cnn(C5CCCC5)c4)c(Cl)c3)ncnc2cc1OCCCN1CCCC1,9.744727494896694
COc1cc2c(Oc3ccc(NC(=O)Nc4cnn(C(C)C)c4)c(Cl)c3)ncnc2cc1OCCN1CCCC1,8.91721462968355
COc1cc2c(Oc3ccc(NC(=O)Nc4ccc(F)cc4)c(F)c3)ncnc2cc1OCCCN1CCCC1,7.314258261397736
COc1cc2c(Oc3ccc(NC(=O)Nc4ccccc4)c(F)c3)ncnc2cc1OCCCN1CCCC1,7.262807357295263
COc1cc2c(Oc3ccc(NC(=O)Nc4cnn(C(C)C)c4)c(F)c3)ncnc2cc1OCCCN1CCCC1,9.366531544420411
COc1cc2c(Oc3ccc(NC(=O)Nc4ccc(C(F)(F)F)cc4)c(F)c3)ncnc2cc1OCCCN1CCCC1,8.007446482167865
COc1cc2c(Oc3ccc(NC(=O)Nc4cnn(C(C)C)c4)c(F)c3)ncnc2cc1OCc1ccccc1,8.575118363368933
CCS(=O)(=O)N1CCN(c2ccc(Nc3ncc(C(N)=O)c(NC4CC4)n3)cc2)CC1,8.397940008672037
Cc1c2cc(cc1C(=O)Nc1cc(CN3CCN(C)CC3)cc(C3CC3)c1)OCCCCCCCNC(=O)c1ccc3ncc(n3n1)C#C2,7.226432951073941
COc1ccc(/C=C\c2cc(OC)c(OC)c(OC)c2)cc1NC(=O)CCC(=O)N[C@@H](CCCNC(=N)N)C(=O)O,5.0
CCc1cc(Nc2nccc(-c3c(-c4ccc(OC)c(C(=O)Nc5c(F)cccc5F)c4)nc4ccccn34)n2)c(OC)cc1N1CCC(N2CCN(S(C)(=O)=O)CC2)CC1,6.798602875679548
CCc1cccc(CC)c1NC(=O)c1nn(C)c2c1CCc1cnc(Nc3ccc(C(=O)NC4CCN(C)CC4)cc3OC(F)(F)F)nc1-2,5.0
Cc1cccc2c1/C(=C/c1ccc[nH]1)C(=O)N2,4.508638306165727
O=C1Nc2ccccc2/C1=C/c1ccc[nH]1,6.4089353929735005
CCOC(=O)c1c(C)[nH]c(/C=C2\C(=O)Nc3ccccc32)c1C,7.154901959985743
O=C1Nc2ccc(Br)cc2/C1=C/c1ccc(N2CCOCC2)cc1,5.0
COc1ccc(/C=C2\C(=O)Nc3ccccc32)cc1C(C)(C)C,4.0
Cc1c[nH]c(/C=C2\C(=O)Nc3ccccc32)c1CCC(=O)O,6.3979400086720375
O=C1Nc2cc(F)ccc2/C1=C/c1ccc[nH]1,6.107905397309519
O=C1Nc2ccccc2/C1=C/c1ccc(Br)cc1,4.0
CCc1ccc(/C=C2/C(=O)Nc3ccccc32)o1,4.3851027839668655
CSc1ccc(/C=C2\C(=O)Nc3cccc(C)c32)s1,4.0
COc1c(Br)cc(/C=C2\C(=O)Nc3ccccc32)cc1C(C)(C)C,4.33161408331
C/C(=C1\C(=O)Nc2ccccc21)c1ccc(N2CCCCC2)cc1,4.0
CCOC(=O)c1c[nH]c(/C=C2\C(=O)Nc3ccccc32)c1C,6.7447274948966935
O=C1Nc2ccccc2/C1=C/c1sccc1Br,4.812479279163537
O=C1Nc2ccccc2/C1=C/c1cc(Br)cs1,4.0
O=C1Nc2ccccc2/C1=C\c1ccco1,4.0
CCc1c(/C=C2\C(=O)Nc3ccccc32)[nH]c(C)c1C,6.853871964321762
Cn1cc(Cl)c(/C=C2\C(=O)Nc3ccccc32)n1,4.0
COc1c(Br)cc(/C=C2\C(=O)Nc3ccc(Cl)cc32)cc1C(C)(C)C,4.0
CN(C)c1ccc(/C=C2\C(=O)N(C)c3ccccc32)cc1,4.645891560852599
O=CN1CCN(c2ccc(/C=C3\C(=O)Nc4ccc(Br)cc43)cc2)CC1,4.301029995663981
Cc1cc(C)c(/C=C2\C(=O)Nc3cccc(C)c32)[nH]1,6.0
CN(C)c1ccc(/C=C2\C(=O)Nc3ccccc32)cc1,6.096910013008056
COc1ccc(/C=C2\C(=O)Nc3ccc(Cl)cc32)cc1C(C)(C)C,4.0
Cc1ccc2c(c1)/C(=C/c1[nH]c(C)cc1C)C(=O)N2,6.522878745280337
O=C1Nc2ccc([N+](=O)[O-])cc2/C1=C/c1ccc[nH]1,4.0
CN1C(=O)/C(=C\c2ccc(Br)cc2)c2ccccc21,4.0
CCc1c(C)[nH]c(/C=C2\C(=O)Nc3ccccc32)c1C,4.0
Cn1cccc1/C=C1\C(=O)Nc2ccccc21,4.690369832574102
O=C1Nc2ccccc2/C1=C/c1ccc(C(=O)O)cc1,4.0
Cc1cc(C)c(/C=C2\C(=O)Nc3cc(F)ccc32)[nH]1,6.107905397309519
Cc1ccc(/C=C2/C(=O)Nc3ccccc32)o1,4.133122185662502
Cc1cn(-c2cc(C(=O)Nc3cccc(Nc4ccc5c(c4)NC(=O)/C5=C\c4ccc[nH]4)c3)cc(C(F)(F)F)c2)cn1,5.0
CCOC(=O)c1c(C)[nH]c(/C=C2/C(=O)Nc3ccccc32)c1C,7.15002808767115
CN(C)c1ccc(/C=C2/C(=O)N(C)c3ccccc32)cc1,4.65000002688118
Cc1cc(C)c(/C=C2/C(=O)Nc3cc(F)ccc32)[nH]1,6.149997413907539
Cc1c[nH]c(/C=C2/C(=O)Nc3ccccc32)c1CCC(O)O,6.399996913372259
CCc1c(/C=C2/C(=O)Nc3ccccc32)[nH]c(C)c1C,6.850011543508524
Cn1cc(Cl)c(/C=C2/C(=O)Nc3ccccc32)n1,3.0
CN(C)c1ccc(/C=C2/C(=O)Nc3ccccc32)cc1,6.0999990348465305
O=C1Nc2cc(F)ccc2/C1=C\c1ccc[nH]1,6.149997413907539
Cn1cccc1/C=C1/C(=O)Nc2ccccc21,4.6899999882307535
CN1C(=O)/C(=C/c2ccc(Br)cc2)c2ccccc21,3.0
O=C1Nc2ccccc2/C1=C\c1ccc(Br)cc1,3.0
CC(C)(C)c1cc(/C=C2/C(=O)Nc3ccccc32)cc(Br)c1O,4.330000038335378
CCOC(=O)c1c[nH]c(/C=C2/C(=O)Nc3ccccc32)c1C,6.740000204918113
O=C1Nc2ccccc2/C1=C\c1ccc[nH]1,6.409994580348671
CCc1c(C)[nH]c(/C=C2/C(=O)Nc3ccccc32)c1C,3.0
O=C1Nc2ccccc2/C1=C\c1ccc(C(O)O)cc1,3.0
COc1ccc(/C=C2/C(=O)Nc3ccccc32)cc1C(C)(C)C,3.0
O=C1Nc2ccccc2/C1=C\c1cc(Br)cs1,3.0
Cc1cc2c(F)c(Oc3ncnn4cc(OC[C@@H](C)O)c(C)c34)ccc2[nH]1,7.050609993355088
O=c1[nH]c2ccccc2c(O)c1-c1nc2ccccc2[nH]1,6.943095148663527
Nc1c2cnnc-2[nH]c(O)c1-c1nc2ccccc2[nH]1,6.294992040666664
Nc1c2ncnc-2[nH]c(O)c1-c1nc2ccccc2[nH]1,6.2580609222708015
Nc1c(-c2nc3ccccc3[nH]2)c(O)nc2sccc12,6.962573502059376
CN1CCN(c2ccc3[nH]c(-c4c(O)nc5ccccc5c4N)nc3n2)CC1,7.619788758288394
Nc1c(-c2nc3ccc(N4CCOCC4)[nH]c-3n2)c(O)nc2ccccc12,8.096910013008056
Nc1c(-c2nc3ccc[nH]c-3n2)c(O)nc2cnccc12,7.920818753952375
Nc1c(-c2nc3ccc[nH]c-3n2)c(O)nc2ccccc12,7.795880017344075
CN1CCN(c2ccc3[nH]c(-c4c(O)nc5cccnc5c4N)nc3c2)CC1,7.481486060122113
Nc1c(-c2nc3cc(N4CCOCC4)ccc3[nH]2)c(O)nc2ccncc12,7.244125144327507
CN1CCN(c2ccc3[nH]c(-c4c(O)nc5cnccc5c4N)nc3c2)CC1,9.0
Nc1c(-c2nc3cc(N4CCOCC4)ccc3[nH]2)c(O)nc2cnccc12,8.698970004336019
Nc1c(-c2nc3ccccc3[nH]2)c(O)nc2cnccc12,8.522878745280337
Oc1nc2cnccc2c(O)c1-c1nc2ccccc2[nH]1,6.774690718274137
CN1CCN(c2ccc3[nH]c(-c4c(N)c5ccccc5[nH]c4=O)nc3c2)CC1,7.886056647693163
Nc1c(-c2nc3cc(N4CCOCC4)ccc3[nH]2)c(=O)[nH]c2ccccc12,8.397940008672037
Nc1c(-c2nc3ccccc3[nH]2)c(=O)[nH]c2ccccc12,7.602059991327962
Fc1cccc2c(-c3nc4cc(N5CCC(N6CCCCC6)CC5)ccc4[nH]3)[nH]nc12,6.481486060122113
FC(F)(F)c1ccc2c(-c3nc4cc(N5CCC(N6CCCCC6)CC5)ccc4[nH]3)[nH]nc2c1,7.2839966563652
c1ccc(COc2ccc3c(-c4nc5cc(N6CCC(N7CCCCC7)CC6)ccc5[nH]4)[nH]nc3c2)cc1,7.67778070526608
Fc1ccc2c(-c3nc4cc(N5CCC(N6CCCCC6)CC5)ccc4[nH]3)[nH]nc2c1,7.552841968657781
COC(=O)c1ccc2[nH]nc(-c3nc4cc(N5CCC(N6CCCCC6)CC5)ccc4[nH]3)c2c1,7.508638306165728
CC(C)(C)NC(=O)Nc1ccc2[nH]nc(-c3nc4cc(N5CCC(N6CCCCC6)CC5)ccc4[nH]3)c2c1,8.301029995663981
c1cc2[nH]nc(-c3nc4cc(N5CCC(N6CCCCC6)CC5)ccc4[nH]3)c2cc1NCC1CCCCC1,7.356547323513813
c1ccc(Oc2ccc3n[nH]c(-c4nc5cc(N6CCC(N7CCCCC7)CC6)ccc5[nH]4)c3c2)cc1,7.356547323513813
c1ccc(COc2ccc3[nH]nc(-c4nc5cc(N6CCC(N7CCCCC7)CC6)ccc5[nH]4)c3c2)cc1,7.522878745280337
CC(C)(C)NC(=O)Nc1cccc2[nH]nc(-c3nc4cc(N5CCC(N6CCCCC6)CC5)ccc4[nH]3)c12,7.154901959985743
c1ccc(COc2cccc3[nH]nc(-c4nc5cc(N6CCC(N7CCCCC7)CC6)ccc5[nH]4)c23)cc1,6.180456064458132
CN1CCN(Cc2ccc3[nH]c(-c4[nH]nc5ccccc45)nc3c2)CC1,6.585026652029182
c1ccc2c(-c3nc4cc(OCCCN5CCCC5)ccc4[nH]3)[nH]nc2c1,6.769551078621726
c1ccc2c(-c3nc4cc(-n5ccnc5)ccc4[nH]3)[nH]nc2c1,7.080921907623926
CN1CCC(N(C)c2ccc3[nH]c(-c4[nH]nc5ccccc45)nc3c2)CC1,6.823908740944319
c1ccc2c(-c3nc4cc(N5CCC(N6CCCCC6)CC5)ccc4[nH]3)[nH]nc2c1,7.107905397309519
CN1CCN(c2ccc3[nH]c(-c4[nH]nc5ccccc45)nc3c2)CC1,6.886056647693163
c1ccc2c(-c3nc4cc(N5CCOCC5)ccc4[nH]3)[nH]nc2c1,6.795880017344075
CNC(=O)N1CCN(Cc2ccnc(Nc3ncc(C#N)s3)c2)CC1,7.045757490560675
CC(C)Cn1c2ccc(C(=O)c3cccs3)cc2c2c3c(c4c(c21)CCc1nn(C)cc1-4)C(=O)NC3,8.0
Cc1csc(C(=O)c2ccc3c(c2)c2c4c(c5c(c2n3CC(C)C)CCc2nn(C)cc2-5)C(=O)NC4)c1,7.301029995663981
Cc1ccsc1C(=O)c1ccc2c(c1)c1c3c(c4c(c1n2CC(C)C)CCc1nn(C)cc1-4)C(=O)NC3,8.0
CC(C)Cn1c2ccc(C(=O)c3sccc3Br)cc2c2c3c(c4c(c21)CCc1nn(C)cc1-4)C(=O)NC3,8.0
CC(C)Cn1c2ccc(C(=O)c3sccc3Cl)cc2c2c3c(c4c(c21)CCc1nn(C)cc1-4)C(=O)NC3,8.0
O=C1Nc2ccccc2/C1=C/c1cc2c([nH]1)CCC(Br)C2,7.154901959985743
Nc1ncnc2c1N=C(c1ccc(NC(=O)Nc3cccc(C(F)(F)F)c3)cc1)CCN2,7.886056647693163
Cc1ccc(C2=Nc3c(N)ncnc3NCC2)cc1NC(=O)Nc1cccc(C(F)(F)F)c1,7.2839966563652
Nc1ncnc2c1N=C(c1cccc(NC(=O)Nc3cccc(C(F)(F)F)c3)c1)CCN2,6.102372908709558
Nc1ncnc2c1N=C(c1ccc(NC(=O)Nc3cc(C(F)(F)F)ccc3F)cc1)CCN2,6.91721462968355
Cc1ccc(F)c(NC(=O)Nc2ccc(C3=Nc4c(N)ncnc4NCC3)cc2)c1,6.507239610973163
Nc1ncnc2c1N=C(c1ccc(NC(=O)Nc3ccc(Cl)c(C(F)(F)F)c3)cc1)CCN2,7.309803919971486
Nc1ncnc2c1N=C(c1ccc(NC(=O)Nc3ccc(F)c(C(F)(F)F)c3)cc1)CCN2,6.462180904926726
Nc1ncnc2c1N=C(c1ccc(NC(=O)Nc3cccc(Cl)c3)cc1)CCN2,7.301029995663981
Cc1cc2cc(Nc3ncnn4cc(-c5nnc(C)o5)c(C(C)C)c34)cnc2[nH]1,7.275724130399211
COc1cc(OC)cc(N(CCNC(C)C)c2ccc3ncc(-c4cnn(C)c4)nc3c2)c1,10.0
